pathway	k	pos	neg	concordance	mean_NES	meta_z	meta_p	fdr
Neutrophil degranulation	2	2	0	1.0	2.6234	17.6031	2.3332465072325873e-69	2.1395870471322826e-66
Immunoregulatory interactions between a Lymphoid and a non-Lymphoid cell	2	2	0	1.0	3.0526	15.645	3.591486477702482e-55	1.646696550026588e-52
Signaling by Interleukins	2	2	0	1.0	2.2269	12.8658	7.015156191986395e-38	2.1442994093505083e-35
Interleukin-10 signaling	2	2	0	1.0	2.8027	11.611	3.622234816851047e-31	8.303973317631025e-29
Interferon alpha/beta signaling	2	2	0	1.0	2.4586	9.2071	3.349246050306646e-20	6.14251725626239e-18
Chemokine receptors bind chemokines	2	2	0	1.0	2.4974	9.163	5.048129700385909e-20	7.715224892089797e-18
Antigen processing-Cross presentation	2	2	0	1.0	2.3179	8.6326	5.9979565336156685e-18	7.857323059036526e-16
Toll-like Receptor Cascades	2	2	0	1.0	2.1124	8.5601	1.1272984281203996e-17	1.292165823233008e-15
Interferon Signaling	2	2	0	1.0	1.933	8.375	5.5233340028787996e-17	5.364526624492543e-15
Phosphorylation of CD3 and TCR zeta chains	2	2	0	1.0	2.4246	8.3682	5.850083559970058e-17	5.364526624492543e-15
Class A/1 (Rhodopsin-like receptors)	2	2	0	1.0	1.8838	8.3549	6.547402669737968e-17	5.458152952863379e-15
Cell surface interactions at the vascular wall	2	2	0	1.0	2.128	8.2721	1.316205060719779e-16	1.0058000339000312e-14
Interferon gamma signaling	2	2	0	1.0	2.2638	8.2222	1.9979757561984835e-16	1.4093413603338534e-14
Peptide ligand-binding receptors	2	2	0	1.0	1.9777	7.8439	4.3665622907397015e-15	2.8600983004345046e-13
Parasitic Infection Pathways	2	2	0	1.0	2.0139	7.6888	1.4850255689787595e-14	8.511052792209516e-13
Leishmania infection	2	2	0	1.0	2.0139	7.6888	1.4850255689787595e-14	8.511052792209516e-13
DAP12 interactions	2	2	0	1.0	2.3495	7.6568	1.9066083449840377e-14	1.0284469719708016e-12
SARS-CoV Infections	2	2	0	1.0	1.722	7.3827	1.551660074254097e-13	7.904846044950037e-12
Binding and Uptake of Ligands by Scavenger Receptors	2	2	0	1.0	2.2274	7.3356	2.2071720239528066e-13	1.065250918928802e-11
Interleukin-4 and Interleukin-13 signaling	2	2	0	1.0	2.0842	7.3114	2.644639798395211e-13	1.2125673475642043e-11
Complement cascade	2	2	0	1.0	2.1836	7.2845	3.228147034735619e-13	1.409624205167887e-11
Antigen activates B Cell Receptor (BCR) leading to generation of second messengers	2	2	0	1.0	2.3033	7.2632	3.7807367727965683e-13	1.575879827570206e-11
Signaling by the B Cell Receptor (BCR)	2	2	0	1.0	2.0393	7.2	6.023300785259314e-13	2.4014638348186048e-11
Regulation of Complement cascade	2	2	0	1.0	2.204	7.1705	7.470267301288814e-13	2.8542646313674344e-11
Interleukin-2 family signaling	2	2	0	1.0	2.257	7.1477	8.827492545184088e-13	3.2379242655735234e-11
ER-Phagosome pathway	2	2	0	1.0	2.1327	7.0787	1.4550318850203492e-12	5.1317855329371545e-11
Translocation of ZAP-70 to Immunological synapse	2	2	0	1.0	2.2682	7.011	2.366061156213817e-12	8.035844741659519e-11
Diseases of Immune System	2	2	0	1.0	2.2652	6.974	3.080582235741364e-12	9.651020321324427e-11
Diseases associated with the TLR signaling cascade	2	2	0	1.0	2.2652	6.974	3.080582235741364e-12	9.651020321324427e-11
The role of Nef in HIV-1 replication and disease pathogenesis	2	2	0	1.0	2.2939	6.9705	3.1573676078487765e-12	9.651020321324427e-11
FCERI mediated Ca+2 mobilization	2	2	0	1.0	2.2333	6.8698	6.430518521440881e-12	1.9021888658584799e-10
Muscle contraction	2	0	2	1.0	-1.8262	-6.8289	8.554068900856622e-12	2.451275369401726e-10
Generation of second messenger molecules	2	2	0	1.0	2.2327	6.795	1.083496372265615e-11	3.01080658596233e-10
ROS and RNS production in phagocytes	2	2	0	1.0	2.2343	6.7432	1.5498046915827266e-11	4.1468205147289133e-10
Initial triggering of complement	2	2	0	1.0	2.2244	6.7401	1.582755921652257e-11	4.1468205147289133e-10
Platelet activation, signaling and aggregation	2	2	0	1.0	1.7364	6.6792	2.4019595846397993e-11	6.000259621987002e-10
GPCR ligand binding	2	2	0	1.0	1.608	6.6781	2.4210425955672745e-11	6.000259621987002e-10
Toll Like Receptor 4 (TLR4) Cascade	2	2	0	1.0	1.9025	6.6568	2.798114109184829e-11	6.752291152953916e-10
Fcgamma receptor (FCGR) dependent phagocytosis	2	2	0	1.0	1.9772	6.4733	9.589747420879777e-11	2.2548200987042963e-09
FCERI mediated MAPK activation	2	2	0	1.0	2.188	6.4657	1.0080409219506699e-10	2.310933813571911e-09
TCR signaling	2	2	0	1.0	1.9144	6.2893	3.188792452072681e-10	7.132006533050361e-09
G alpha (i) signalling events	2	2	0	1.0	1.6517	6.22	4.972239049994779e-10	1.0856055259155268e-08
Interleukin-3, Interleukin-5 and GM-CSF signaling	2	2	0	1.0	2.077	6.2145	5.147545279777325e-10	1.0977439585013505e-08
Organelle biogenesis and maintenance	2	0	2	1.0	-1.6625	-6.1802	6.403467656869813e-10	1.3345408730340041e-08
GPVI-mediated activation cascade	2	2	0	1.0	2.1596	6.0871	1.1494085839769146e-09	2.342239270015179e-08
TNFs bind their physiological receptors	2	2	0	1.0	2.126	6.0399	1.541810892744331e-09	3.0735664970577206e-08
Neddylation	2	0	2	1.0	-1.6732	-5.9738	2.3175583438687105e-09	4.5217042581438455e-08
MHC class II antigen presentation	2	2	0	1.0	1.8265	5.969	2.387767549516298e-09	4.5616309227217606e-08
DAP12 signaling	2	2	0	1.0	2.1344	5.9609	2.509058172087149e-09	4.6955231506202364e-08
CDC42 GTPase cycle	2	2	0	1.0	1.7804	5.9452	2.7604371443331014e-09	5.018816172721852e-08
Cilium Assembly	2	0	2	1.0	-1.7153	-5.9434	2.7912718081659156e-09	5.018816172721852e-08
Role of phospholipids in phagocytosis	2	2	0	1.0	2.1118	5.9276	3.074713617938613e-09	5.42213920701867e-08
RHOBTB GTPase Cycle	2	0	2	1.0	-2.0586	-5.9007	3.6205718203239275e-09	6.264272375918946e-08
IRAK4 deficiency (TLR2/4)	2	2	0	1.0	2.0851	5.8411	5.187272573041335e-09	8.808757313849823e-08
MyD88 deficiency (TLR2/4)	2	2	0	1.0	2.1109	5.7631	8.25718105775259e-09	1.3766972781743863e-07
RAC1 GTPase cycle	2	2	0	1.0	1.7176	5.7457	9.153934318157878e-09	1.4989567445983522e-07
Transferrin endocytosis and recycling	2	2	0	1.0	1.9827	5.6815	1.3352789089571346e-08	2.1481592272170044e-07
Potential therapeutics for SARS	2	2	0	1.0	1.8411	5.6325	1.776023997673721e-08	2.8079551825289695e-07
Nucleotide-binding domain, leucine rich repeat containing receptor (NLR) signaling pathways	2	2	0	1.0	1.9559	5.6275	1.8289085716102237e-08	2.8425578985874154e-07
Other interleukin signaling	2	2	0	1.0	2.0492	5.582	2.3779874807462964e-08	3.634357533073923e-07
Fc epsilon receptor (FCERI) signaling	2	2	0	1.0	1.742	5.486	4.110306410251815e-08	6.178936029837565e-07
Nef-mediates down modulation of cell surface receptors by recruiting them to clathrin adapters	2	2	0	1.0	2.0596	5.476	4.34971568932764e-08	6.433369817924913e-07
SARS-CoV-1 activates/modulates innate immune responses	2	2	0	1.0	1.9627	5.462	4.7071817686803845e-08	6.85156457441256e-07
SARS-CoV-2 activates/modulates innate and adaptive immune responses	2	2	0	1.0	1.7839	5.457	4.843057744080188e-08	6.939193673939894e-07
Chromatin organization	2	0	2	1.0	-1.6005	-5.3704	7.857125783651891e-08	1.0817794178299406e-06
Leishmania parasite growth and survival	2	2	0	1.0	1.8326	5.3693	7.903949944886153e-08	1.0817794178299406e-06
Anti-inflammatory response favouring Leishmania parasite infection	2	2	0	1.0	1.8326	5.3693	7.903949944886153e-08	1.0817794178299406e-06
Creation of C4 and C2 activators	2	2	0	1.0	1.9882	5.3274	9.961814042716166e-08	1.3433799231133417e-06
mRNA Splicing	2	0	2	1.0	-1.5974	-5.3157	1.0622299343384615e-07	1.410206173672562e-06
Leishmania phagocytosis	2	2	0	1.0	1.8679	5.3082	1.1072502126981949e-07	1.410206173672562e-06
Parasite infection	2	2	0	1.0	1.8679	5.3082	1.1072502126981949e-07	1.410206173672562e-06
FCGR3A-mediated phagocytosis	2	2	0	1.0	1.8679	5.3082	1.1072502126981949e-07	1.410206173672562e-06
HSP90 chaperone cycle for steroid hormone receptors (SHR) in the presence of ligand	2	0	2	1.0	-1.8754	-5.2619	1.4257631321169181e-07	1.7909928659605673e-06
Purinergic signaling in leishmaniasis infection	2	2	0	1.0	2.0087	5.2408	1.5988037499372538e-07	1.954804051589949e-06
Cell recruitment (pro-inflammatory response)	2	2	0	1.0	2.0087	5.2408	1.5988037499372538e-07	1.954804051589949e-06
Glycosphingolipid catabolism	2	2	0	1.0	1.9197	5.1908	2.0944844739432173e-07	2.4829732627328487e-06
Toll Like Receptor TLR6:TLR2 Cascade	2	2	0	1.0	1.7477	5.1892	2.112016515737865e-07	2.4829732627328487e-06
MyD88:MAL(TIRAP) cascade initiated on plasma membrane	2	2	0	1.0	1.7477	5.1892	2.112016515737865e-07	2.4829732627328487e-06
Toll Like Receptor 2 (TLR2) Cascade	2	2	0	1.0	1.7402	5.0869	3.639178310178162e-07	4.171408138041718e-06
Toll Like Receptor TLR1:TLR2 Cascade	2	2	0	1.0	1.7402	5.0869	3.639178310178162e-07	4.171408138041718e-06
mRNA Splicing - Major Pathway	2	0	2	1.0	-1.5723	-5.0731	3.913753955529908e-07	4.430756021260402e-06
RHO GTPases Activate NADPH Oxidases	2	2	0	1.0	1.9582	5.0318	4.858478300779635e-07	5.433200733920641e-06
Unblocking of NMDA receptors, glutamate binding and activation	2	0	2	1.0	-1.9589	-4.9859	6.167355445772743e-07	6.8138131852694045e-06
CD28 dependent PI3K/Akt signaling	2	2	0	1.0	1.9448	4.981	6.324299064726072e-07	6.904026478992629e-06
Dectin-2 family	2	2	0	1.0	1.9335	4.9618	6.982720739965539e-07	7.533123433586352e-06
Regulation of T cell activation by CD28 family	2	2	0	1.0	1.5588	4.9533	7.297655492883749e-07	7.781337310435345e-06
Regulation of TLR by endogenous ligand	2	2	0	1.0	1.9313	4.9446	7.631922234827608e-07	8.044221481996456e-06
Smooth Muscle Contraction	2	0	2	1.0	-1.8864	-4.9421	7.730044292758889e-07	8.055057518704433e-06
Selective autophagy	2	0	2	1.0	-1.6973	-4.9289	8.271104070656969e-07	8.522025205384765e-06
FCGR3A-mediated IL10 synthesis	2	2	0	1.0	1.8994	4.9194	8.680651602703439e-07	8.84461946631006e-06
Regulation of actin dynamics for phagocytic cup formation	2	2	0	1.0	1.7869	4.9059	9.301628130992872e-07	9.373179116615894e-06
RHOBTB1 GTPase cycle	2	0	2	1.0	-1.9746	-4.8911	1.00250075124729e-06	9.992317270584401e-06
Chromatin modifying enzymes	2	0	2	1.0	-1.5217	-4.799	1.5944547842211485e-06	1.558602184771476e-05
Signaling by VEGF	2	2	0	1.0	1.6825	4.7986	1.59769471503292e-06	1.558602184771476e-05
Interleukin receptor SHC signaling	2	2	0	1.0	1.9039	4.7806	1.7480527739314787e-06	1.6873309407317536e-05
Processing of Capped Intron-Containing Pre-mRNA	2	0	2	1.0	-1.4762	-4.7649	1.8895924334300366e-06	1.804954439015983e-05
Plasma lipoprotein assembly, remodeling, and clearance	2	2	0	1.0	1.7456	4.7393	2.144827704550117e-06	2.0276360877035642e-05
Regulated Necrosis	2	2	0	1.0	1.7536	4.7234	2.319821185077617e-06	2.1706898231797703e-05
Caspase activation via Death Receptors in the presence of ligand	2	2	0	1.0	1.9275	4.7205	2.3521772534797854e-06	2.178733880243397e-05
Insulin receptor recycling	2	2	0	1.0	1.8098	4.703	2.5635627610606054e-06	2.3507870518925753e-05
Role of LAT2/NTAL/LAB on calcium mobilization	2	2	0	1.0	1.9417	4.692	2.7056905208527577e-06	2.4565526808138402e-05
Intraflagellar transport	2	0	2	1.0	-1.8023	-4.6699	3.0137690564496363e-06	2.7094374752591337e-05
Interleukin-12 family signaling	2	2	0	1.0	1.7663	4.6373	3.5291823938861235e-06	3.1224306766269957e-05
SARS-CoV-2 Infection	2	2	0	1.0	1.477	4.6366	3.541251803371947e-06	3.1224306766269957e-05
SLC-mediated transport of amino acids	2	2	0	1.0	1.8494	4.6248	3.7496264489189205e-06	3.274673765389191e-05
C-type lectin receptors (CLRs)	2	2	0	1.0	1.5993	4.6114	3.999128356531073e-06	3.459623304659428e-05
Interleukin-1 family signaling	2	2	0	1.0	1.575	4.6057	4.11073242139189e-06	3.522936103192863e-05
Formation of the dystrophin-glycoprotein complex (DGC)	2	0	2	1.0	-1.8504	-4.6015	4.19359707456555e-06	3.56067455312649e-05
Modulation of host responses by IFN-stimulated genes	2	2	0	1.0	1.9128	4.5718	4.835135648932303e-06	4.041328329741049e-05
RHO GTPases activate PAKs	2	0	2	1.0	-1.8909	-4.5713	4.847831147999077e-06	4.041328329741049e-05
HATs acetylate histones	2	0	2	1.0	-1.699	-4.5416	5.583023589243687e-06	4.612281649852667e-05
Non-integrin membrane-ECM interactions	2	0	2	1.0	-1.7023	-4.5333	5.806012380575291e-06	4.75367263659602e-05
Death Receptor Signaling	2	2	0	1.0	1.5432	4.4555	8.3703922056866e-06	6.792610312048329e-05
Antigen processing: Ubiquitination & Proteasome degradation	2	0	2	1.0	-1.4391	-4.4402	8.985914840276472e-06	7.228143779415373e-05
Neuronal System	2	0	2	1.0	-1.3663	-4.4312	9.372062005829458e-06	7.413200690052067e-05
FLT3 Signaling	2	2	0	1.0	1.7672	4.431	9.377658451974262e-06	7.413200690052067e-05
SARS-CoV-1 Infection	2	2	0	1.0	1.5553	4.4214	9.804703165387758e-06	7.68454085697485e-05
Long-term potentiation	2	0	2	1.0	-1.8107	-4.3904	1.1313678082666964e-05	8.720703333217012e-05
RHO GTPase cycle	2	2	0	1.0	1.3765	4.3903	1.1316943256846503e-05	8.720703333217012e-05
RHO GTPases activate PKNs	2	0	2	1.0	-1.8089	-4.3836	1.1672594274183956e-05	8.850038494482687e-05
Regulation of MITF-M-dependent genes involved in lysosome biogenesis and autophagy	2	2	0	1.0	1.7651	4.3835	1.167780433841227e-05	8.850038494482687e-05
Downstream TCR signaling	2	2	0	1.0	1.6495	4.3585	1.3097451635670033e-05	9.844559958942147e-05
Nuclear events stimulated by ALK signaling in cancer	2	2	0	1.0	1.7667	4.3527	1.3447575563820945e-05	0.0001002555023741773
Regulation of endogenous retroelements	2	0	2	1.0	-1.6567	-4.3368	1.4459392379416048e-05	0.00010692953880584287
Toll Like Receptor 7/8 (TLR7/8) Cascade	2	2	0	1.0	1.5927	4.3285	1.5014100572954811e-05	0.00011014344180319649
COPI-mediated anterograde transport	2	0	2	1.0	-1.5735	-4.3221	1.545559508134391e-05	0.00011204964126230207
Cell-extracellular matrix interactions	2	0	2	1.0	-1.8362	-4.3212	1.5518325452903342e-05	0.00011204964126230207
Macroautophagy	2	0	2	1.0	-1.5264	-4.3159	1.5894593284922604e-05	0.00011302459220365937
Amino acid transport across the plasma membrane	2	2	0	1.0	1.7626	4.3158	1.589986084435339e-05	0.00011302459220365937
Glycosphingolipid metabolism	2	2	0	1.0	1.6877	4.3076	1.650539359154291e-05	0.00011642650710342192
Other semaphorin interactions	2	2	0	1.0	1.8682	4.2973	1.728989708890182e-05	0.00012029358863951123
TNFR2 non-canonical NF-kB pathway	2	2	0	1.0	1.6184	4.2967	1.733216701583617e-05	0.00012029358863951123
Co-stimulation by CD28	2	2	0	1.0	1.7396	4.2953	1.744716171107415e-05	0.00012029358863951123
G alpha (q) signalling events	2	2	0	1.0	1.462	4.293	1.762478126203256e-05	0.00012061137624838697
Amyloid fiber formation	2	2	0	1.0	1.7128	4.2519	2.1196379707001493e-05	0.00014298235689555176
Dengue Virus Attachment and Entry	2	2	0	1.0	1.7333	4.2505	2.1332879113166563e-05	0.00014298235689555176
EPH-ephrin mediated repulsion of cells	2	2	0	1.0	1.7225	4.2502	2.13615953050061e-05	0.00014298235689555176
Pyruvate metabolism	2	0	2	1.0	-1.6858	-4.2365	2.269856006318159e-05	0.00015083028679664868
TP53 Regulates Transcription of Cell Death Genes	2	2	0	1.0	1.744	4.2293	2.344600090069573e-05	0.0001545723899414459
Interleukin-12 signaling	2	2	0	1.0	1.7324	4.2278	2.3598838158999372e-05	0.0001545723899414459
Regulation of signaling by CBL	2	2	0	1.0	1.8132	4.2173	2.4719148765145383e-05	0.00016076212352934976
Activation of Matrix Metalloproteinases	2	2	0	1.0	1.7855	4.2137	2.5124751386222595e-05	0.0001622492747969445
TNF receptor superfamily (TNFSF) members mediating non-canonical NF-kB pathway	2	2	0	1.0	1.8515	4.2114	2.538192479273394e-05	0.00016276381143312605
Diseases of programmed cell death	2	2	0	1.0	1.7128	4.2088	2.5667648854289044e-05	0.00016345301388460455
VEGFA-VEGFR2 Pathway	2	2	0	1.0	1.5844	4.1641	3.1254980426065253e-05	0.00019766080724621955
NOD1/2 Signaling Pathway	2	2	0	1.0	1.7418	4.1329	3.5828226810504267e-05	0.00022503071222761928
Caspase activation via extrinsic apoptotic signalling pathway	2	2	0	1.0	1.7648	4.0972	4.1815078340012e-05	0.0002608464410734082
Biosynthesis of the N-glycan precursor (dolichol lipid-linked oligosaccharide, LLO) and transfer to a nascent protein	2	2	0	1.0	1.6154	4.0951	4.219535037766602e-05	0.0002614303450264065
Inflammasomes	2	2	0	1.0	1.7831	4.0936	4.2478867403418286e-05	0.0002614303450264065
Hyaluronan degradation	2	2	0	1.0	1.7823	4.0882	4.347562512541908e-05	0.0002656343635430932
Signaling by CSF1 (M-CSF) in myeloid cells	2	2	0	1.0	1.7368	4.0868	4.3741318315165845e-05	0.0002656343635430932
Autophagy	2	0	2	1.0	-1.4805	-4.0844	4.420021618567212e-05	0.0002666552515938245
Activation of NMDA receptors and postsynaptic events	2	0	2	1.0	-1.553	-4.0809	4.485979118252402e-05	0.0002688655458455851
TGF-beta receptor signaling activates SMADs	2	0	2	1.0	-1.702	-4.0771	4.560386577679917e-05	0.0002715502916709405
Diseases associated with N-glycosylation of proteins	2	2	0	1.0	1.7686	4.0663	4.776231894838763e-05	0.0002825680417785255
RHOA GTPase cycle	2	2	0	1.0	1.4962	4.0647	4.8100800610629574e-05	0.0002826493594309927
Scavenging by Class A Receptors	2	2	0	1.0	1.7514	4.0633	4.839252936822886e-05	0.0002826493594309927
Formation of TC-NER Pre-Incision Complex	2	0	2	1.0	-1.6975	-4.0543	5.029529237424941e-05	0.0002902920438650434
Assembly and cell surface presentation of NMDA receptors	2	0	2	1.0	-1.6935	-4.0541	5.033417118270655e-05	0.0002902920438650434
Molecules associated with elastic fibres	2	0	2	1.0	-1.7244	-4.0482	5.1602392184628006e-05	0.0002949601368199793
Plasma lipoprotein clearance	2	2	0	1.0	1.7448	4.0474	5.178689425083607e-05	0.0002949601368199793
Hyaluronan metabolism	2	2	0	1.0	1.7428	4.0293	5.5939042852578895e-05	0.0003166426067642892
LDL clearance	2	2	0	1.0	1.7641	4.0266	5.66009055932375e-05	0.0003184234995644097
Intra-Golgi and retrograde Golgi-to-ER traffic	2	0	2	1.0	-1.4167	-3.9903	6.598494062497125e-05	0.00036895238142133313
Regulation of endogenous retroelements by Piwi-interacting RNAs (piRNAs)	2	0	2	1.0	-1.7138	-3.9803	6.883187030144474e-05	0.000382538333735908
Gene and protein expression by JAK-STAT signaling after Interleukin-12 stimulation	2	2	0	1.0	1.726	3.9636	7.381926363196078e-05	0.000407784727412699
Iron uptake and transport	2	2	0	1.0	1.606	3.9391	8.180093272406763e-05	0.0004491703910656887
Transcriptional regulation of granulopoiesis	2	2	0	1.0	1.6892	3.9365	8.267760988600661e-05	0.00045128195396111945
MyD88 dependent cascade initiated on endosome	2	2	0	1.0	1.5251	3.9348	8.326842061066476e-05	0.00045181740650875496
TCF dependent signaling in response to WNT	2	0	2	1.0	-1.4449	-3.9116	9.168126011012767e-05	0.0004945395030646299
RHO GTPases Activate ROCKs	2	0	2	1.0	-1.7824	-3.9077	9.317323035771806e-05	0.0004996482587019149
Signaling by Erythropoietin	2	2	0	1.0	1.7485	3.8875	0.00010129727400808082	0.0005400558154965705
Negative regulation of FLT3	2	2	0	1.0	1.754	3.8814	0.00010387567252988838	0.0005506011081497552
Degradation of the extracellular matrix	2	2	0	1.0	1.4831	3.8796	0.00010462402359973368	0.0005513806301204355
Translation of Structural Proteins_9694635	2	2	0	1.0	1.5785	3.8554	0.00011555742777933938	0.0006055209215637383
Formation of the polybromo-BAF (pBAF) complex	2	0	2	1.0	-1.7401	-3.8423	0.00012188235366071052	0.0006350347631072247
Cell-Cell communication	2	0	2	1.0	-1.3403	-3.8295	0.00012842916184092215	0.0006653646407238735
HCMV Infection	2	0	2	1.0	-1.4788	-3.8273	0.0001295504443809443	0.0006672150800876106
Class I peroxisomal membrane protein import	2	0	2	1.0	-1.7217	-3.826	0.00013024154780336128	0.0006672150800876106
RAC2 GTPase cycle	2	2	0	1.0	1.5362	3.8213	0.00013277644019042955	0.0006764221980812439
TRAF6 mediated induction of NFkB and MAP kinases upon TLR7/8 or 9 activation	2	2	0	1.0	1.5074	3.7915	0.00014971810176291222	0.0007585165708098924
Cardiac conduction	2	0	2	1.0	-1.4544	-3.7864	0.00015281890362785924	0.0007699721682788292
RHOBTB2 GTPase cycle	2	0	2	1.0	-1.6586	-3.7762	0.000159269107121386	0.0007980861815863987
SARS-CoV-2-host interactions	2	2	0	1.0	1.41	3.7716	0.00016218661455913954	0.000805361017332601
NR1H3 & NR1H2 regulate gene expression linked to cholesterol transport and efflux	2	2	0	1.0	1.6309	3.7712	0.00016247741352947781	0.000805361017332601
Regulation of cholesterol biosynthesis by SREBP (SREBF)	2	0	2	1.0	-1.5893	-3.7388	0.00018489340965701566	0.0009115443906208783
SARS-CoV-1-host interactions	2	2	0	1.0	1.518	3.7128	0.0002050140670808666	0.0010053363610329127
Metabolism of Angiotensinogen to Angiotensins	2	2	0	1.0	1.7328	3.7094	0.0002077143870370023	0.001013160068685804
Host Interactions of HIV factors	2	2	0	1.0	1.4796	3.7044	0.00021192661875001184	0.0010282365576389464
RSV-host interactions	2	2	0	1.0	1.5005	3.6862	0.00022763694408544703	0.001098647777507131
Transmission across Chemical Synapses	2	0	2	1.0	-1.3427	-3.6787	0.00023445212918616191	0.0011256157197052903
Cellular response to heat stress	2	0	2	1.0	-1.4718	-3.6636	0.0002487183511110456	0.0011878892081709834
NR1H2 and NR1H3-mediated signaling	2	2	0	1.0	1.5797	3.6578	0.0002543956297522731	0.001208708769341111
COPI-independent Golgi-to-ER retrograde traffic	2	0	2	1.0	-1.5549	-3.6494	0.000262899813218511	0.001242675921244199
Aerobic respiration and respiratory electron transport	2	0	2	1.0	-1.3605	-3.6468	0.0002654759577290711	0.0012484177089105548
Signaling by SCF-KIT	2	2	0	1.0	1.6115	3.6419	0.0002706428900065902	0.0012657224327443156
PI-3K cascade:FGFR4	2	0	2	1.0	-1.6992	-3.6407	0.000271916378681167	0.0012657224327443156
p75 NTR receptor-mediated signalling	2	2	0	1.0	1.4849	3.6358	0.00027715699987459195	0.0012836008529545496
Amino acids regulate mTORC1	2	2	0	1.0	1.5766	3.6264	0.00028745177273988134	0.0013245893246355337
Elastic fibre formation	2	0	2	1.0	-1.583	-3.6249	0.00028904419938059127	0.0013252676541600109
Toll Like Receptor 9 (TLR9) Cascade	2	2	0	1.0	1.4741	3.6197	0.00029499570364249897	0.0013458261703491123
Collagen degradation	2	2	0	1.0	1.5408	3.6148	0.00030060375061258726	0.0013646219767908046
Striated Muscle Contraction	2	0	2	1.0	-1.6199	-3.5929	0.0003270602942877846	0.0014690915004530734
Synthesis of substrates in N-glycan biosythesis	2	2	0	1.0	1.5479	3.592	0.00032817252899698787	0.0014690915004530734
SLC-mediated transmembrane transport	2	2	0	1.0	1.349	3.5918	0.00032842285451786265	0.0014690915004530734
DNA strand elongation	2	2	0	1.0	1.5954	3.5623	0.0003676374676456321	0.0016365221253934205
BBSome-mediated cargo-targeting to cilium	2	0	2	1.0	-1.643	-3.5585	0.0003729116269527221	0.0016519804923461167
Regulation of pyruvate metabolism	2	0	2	1.0	-1.6251	-3.5518	0.00038259132198710153	0.0016867127031835196
Metabolism of carbohydrates and carbohydrate derivatives	2	2	0	1.0	1.33	3.5338	0.0004095721632733802	0.0017970223623047352
Maturation of spike protein_9694548	2	2	0	1.0	1.5763	3.5242	0.00042479236288049985	0.001852173591048429
RHO GTPases activate CIT	2	0	2	1.0	-1.6675	-3.5233	0.0004261817096087443	0.001852173591048429
Netrin-1 signaling	2	0	2	1.0	-1.5769	-3.5076	0.0004521928415012388	0.0019554492005418363
Paracetamol ADME	2	2	0	1.0	1.6497	3.5064	0.0004542101196460318	0.0019554492005418363
HCMV Early Events	2	0	2	1.0	-1.4762	-3.5007	0.00046396520832327843	0.0019881125982824594
Golgi-to-ER retrograde transport	2	0	2	1.0	-1.3972	-3.4968	0.0004708985963320708	0.002008437269007018
Cellular response to chemical stress	2	2	0	1.0	1.3279	3.4833	0.0004952989250897555	0.0021027273810523416
Formation of neuronal progenitor and neuronal BAF (npBAF and nBAF)	2	0	2	1.0	-1.6182	-3.4803	0.0005008531255394525	0.002116508369215106
Detoxification of Reactive Oxygen Species	2	2	0	1.0	1.5973	3.4739	0.0005128730301896105	0.0021573604068067563
Lysosome Vesicle Biogenesis	2	2	0	1.0	1.6017	3.4709	0.0005187623412095944	0.0021721692552018174
PI-3K cascade:FGFR3	2	0	2	1.0	-1.6472	-3.443	0.000575208133324587	0.0023975720829938463
Glycogen metabolism	2	0	2	1.0	-1.5927	-3.432	0.0005990381842130907	0.002485601877481467
PI-3K cascade:FGFR2	2	0	2	1.0	-1.6242	-3.4289	0.0006060931026302646	0.0025035467347385254
Arachidonate metabolism	2	2	0	1.0	1.5182	3.4236	0.0006179729665554944	0.002525032965580007
ATP-dependent chromatin remodelers	2	0	2	1.0	-1.5959	-3.4229	0.0006195555259056723	0.002525032965580007
SWI/SNF chromatin remodelers	2	0	2	1.0	-1.5959	-3.4229	0.0006195555259056723	0.002525032965580007
Cargo trafficking to the periciliary membrane	2	0	2	1.0	-1.4879	-3.4044	0.0006632046581034745	0.0026909675729242747
HSF1-dependent transactivation	2	0	2	1.0	-1.5767	-3.402	0.0006688739440079961	0.0027020150072922136
Aggrephagy	2	0	2	1.0	-1.5172	-3.3917	0.0006946589386115045	0.0027938695030997793
Cellular response to starvation	2	2	0	1.0	1.3701	3.3838	0.0007147771463543805	0.002862229882999856
Inactivation of CSF3 (G-CSF) signaling	2	2	0	1.0	1.6176	3.3802	0.000724308175504912	0.0028777438053693366
Programmed Cell Death	2	2	0	1.0	1.3375	3.38	0.0007249278288334969	0.0028777438053693366
Toll Like Receptor 10 (TLR10) Cascade	2	2	0	1.0	1.4418	3.3627	0.0007718731664130763	0.003024819203422184
MyD88 cascade initiated on plasma membrane	2	2	0	1.0	1.4418	3.3627	0.0007718731664130763	0.003024819203422184
Toll Like Receptor 5 (TLR5) Cascade	2	2	0	1.0	1.4418	3.3627	0.0007718731664130763	0.003024819203422184
Nucleotide Excision Repair	2	0	2	1.0	-1.4253	-3.3608	0.0007772492378109092	0.0030329257492451222
Cell junction organization	2	0	2	1.0	-1.3052	-3.3535	0.0007979066456279256	0.0031003406527152872
DDX58/IFIH1-mediated induction of interferon-alpha/beta	2	2	0	1.0	1.4491	3.345	0.000822906910681622	0.0031839900299369087
Signaling by Hedgehog	2	0	2	1.0	-1.3679	-3.3412	0.0008342689116779844	0.0032143890420534105
Signaling by WNT	2	0	2	1.0	-1.2836	-3.3303	0.0008674226367138765	0.003328144593584204
Effects of PIP2 hydrolysis	2	2	0	1.0	1.5988	3.3282	0.0008741813666512986	0.00334010130508017
Formation of the canonical BAF (cBAF) complex	2	0	2	1.0	-1.5878	-3.3248	0.0008846786464914685	0.003366183895571272
Antigen processing: Ub, ATP-independent proteasomal degradation	2	2	0	1.0	1.5907	3.3225	0.0008922594042944834	0.0033809994782563685
Protein localization	2	0	2	1.0	-1.3494	-3.3209	0.0008972658666910587	0.003385978599817699
Regulation of IFNA/IFNB signaling	2	2	0	1.0	1.5768	3.317	0.0009100212123516599	0.003420038736583902
The NLRP3 inflammasome	2	2	0	1.0	1.6213	3.3086	0.0009374888912021471	0.0035088869927851793
Sema4D induced cell migration and growth-cone collapse	2	0	2	1.0	-1.6049	-3.3038	0.0009536857715760083	0.003554999400549592
TAK1-dependent IKK and NF-kappa-B activation	2	2	0	1.0	1.5045	3.3007	0.0009645714879123339	0.0035679233068704364
Negative regulation of NMDA receptor-mediated neuronal transmission	2	0	2	1.0	-1.6119	-3.3006	0.0009649345475505652	0.0035679233068704364
Pyroptosis	2	2	0	1.0	1.5808	3.2866	0.0010141109527148572	0.0037346977656205786
Sema4D in semaphorin signaling	2	0	2	1.0	-1.5826	-3.264	0.0010985384765657307	0.0040294391320431
Hedgehog 'off' state	2	0	2	1.0	-1.3959	-3.2587	0.001119397495823397	0.004077452823513253
PI-3K cascade:FGFR1	2	0	2	1.0	-1.6035	-3.2584	0.001120521386614329	0.004077452823513253
Regulation of KIT signaling	2	2	0	1.0	1.6085	3.2542	0.0011371050026586773	0.0041214438238656404
Antigen Presentation: Folding, assembly and peptide loading of class I MHC	2	2	0	1.0	1.5751	3.2279	0.0012471500110061342	0.004502506142096949
Ion homeostasis	2	0	2	1.0	-1.4822	-3.221	0.0012774036936802988	0.004592440005290684
VEGFR2 mediated cell proliferation	2	2	0	1.0	1.5982	3.22	0.0012820770352828955	0.004592440005290684
Post NMDA receptor activation events	2	0	2	1.0	-1.4304	-3.2161	0.001299456800522915	0.004636583214317171
TRIF (TICAM1)-mediated TLR4 signaling	2	2	0	1.0	1.4008	3.2117	0.001319322612337583	0.0046711151950330635
MyD88-independent TLR4 cascade	2	2	0	1.0	1.4008	3.2117	0.001319322612337583	0.0046711151950330635
Sphingolipid metabolism	2	2	0	1.0	1.3609	3.1987	0.001380315531514686	0.004868266701534488
Depolymerization of the Nuclear Lamina	2	2	0	1.0	1.5905	3.1899	0.0014231555001336326	0.005000128711197475
Regulation of necroptotic cell death	2	2	0	1.0	1.538	3.1847	0.001448927506637871	0.005051963968011132
RIPK1-mediated regulated necrosis	2	2	0	1.0	1.538	3.1847	0.001448927506637871	0.005051963968011132
Gluconeogenesis	2	2	0	1.0	1.5734	3.1761	0.0014924691129575228	0.005184068850689577
Activation of gene expression by SREBF (SREBP)	2	0	2	1.0	-1.5009	-3.1572	0.0015929472371000659	0.005512198552531171
RHOD GTPase cycle	2	0	2	1.0	-1.4652	-3.1415	0.0016807764570432424	0.005788326958817402
Activation of the pre-replicative complex	2	2	0	1.0	1.5239	3.1407	0.0016853689182161902	0.005788326958817402
Nucleotide salvage	2	2	0	1.0	1.5737	3.137	0.0017069750041785274	0.005839795082984407
Peroxisomal lipid metabolism	2	0	2	1.0	-1.5214	-3.1359	0.001713091469272416	0.005839795082984407
MITF-M-dependent gene expression	2	2	0	1.0	1.3676	3.1151	0.0018389124476726566	0.0062227358754454115
MITF-M-regulated melanocyte development	2	2	0	1.0	1.3448	3.1151	0.0018389982794391566	0.0062227358754454115
Epigenetic regulation of gene expression	2	0	2	1.0	-1.2718	-3.1138	0.001847072763931818	0.00622707986957896
Signaling by ALK	2	2	0	1.0	1.5243	3.1033	0.0019138378509505627	0.006428532268577531
Interleukin-37 signaling	2	2	0	1.0	1.5495	3.0909	0.0019956149964528644	0.006678755298347725
Protein ubiquitination	2	0	2	1.0	-1.4333	-3.0884	0.002012051799657179	0.006709278182856848
EPH-Ephrin signaling	2	2	0	1.0	1.3891	3.0744	0.002108966451975198	0.007006964624859625
Ovarian tumor domain proteases	2	2	0	1.0	1.4983	3.0694	0.002145146242933258	0.007101440811443312
Signaling by BMP	2	0	2	1.0	-1.5068	-3.0571	0.002235186093778639	0.0073728980143705465
Late SARS-CoV-2 Infection Events	2	2	0	1.0	1.395	3.0553	0.002248009668951705	0.007388619592934457
Drug ADME	2	2	0	1.0	1.3816	3.0404	0.0023629598847251525	0.007738693622474874
Signalling to RAS	2	2	0	1.0	1.5569	3.0363	0.0023953393752737004	0.007806149770006363
Prefoldin mediated transfer of substrate  to CCT/TriC	2	0	2	1.0	-1.4151	-3.0349	0.002405761800642183	0.007806149770006363
Branched-chain amino acid catabolism	2	0	2	1.0	-1.5324	-3.0345	0.002409095294342204	0.007806149770006363
E3 ubiquitin ligases ubiquitinate target proteins	2	0	2	1.0	-1.4667	-3.0303	0.0024428989741859903	0.007856159487201243
Phase 0 - rapid depolarisation	2	0	2	1.0	-1.4818	-3.0298	0.002447129319334563	0.007856159487201243
Regulation of PLK1 Activity at G2/M Transition	2	0	2	1.0	-1.3811	-3.0294	0.0024502307670006052	0.007856159487201243
ERCC6 (CSB) and EHMT2 (G9a) positively regulate rRNA expression	2	0	2	1.0	-1.5078	-3.0236	0.002498267223964378	0.007982268447300819
ECM proteoglycans	2	0	2	1.0	-1.3971	-3.0214	0.0025160089085208342	0.008011042253866684
Asparagine N-linked glycosylation	2	2	0	1.0	1.2467	3.0168	0.0025546830318165796	0.008095210348478698
Meiotic synapsis	2	0	2	1.0	-1.4874	-3.0161	0.0025600992377958804	0.008095210348478698
Negative regulators of DDX58/IFIH1 signaling	2	2	0	1.0	1.4789	3.0043	0.0026621804660689036	0.008389070403385514
Kidney development	2	0	2	1.0	-1.4534	-2.999	0.0027083918112899064	0.008505463325180974
Formation of Incision Complex in GG-NER	2	0	2	1.0	-1.4488	-2.9942	0.002751211447408084	0.008610446748372741
Signaling by WNT in cancer	2	0	2	1.0	-1.4802	-2.9768	0.0029129253492375952	0.009085552875002977
Resolution of D-Loop Structures	2	2	0	1.0	1.4828	2.9708	0.0029702806165062138	0.009233041780800672
Toll Like Receptor 3 (TLR3) Cascade	2	2	0	1.0	1.3227	2.9664	0.003012736271580935	0.009333375544053099
Azathioprine ADME	2	2	0	1.0	1.5199	2.9538	0.00313877990693714	0.00968252808434518
Activated NOTCH1 Transmits Signal to the Nucleus	2	2	0	1.0	1.4866	2.953	0.003146557654454595	0.00968252808434518
Defensins	2	2	0	1.0	1.4675	2.9445	0.0032346509805771385	0.009920317555816844
Cyclin A/B1/B2 associated events during G2/M transition	2	2	0	1.0	1.4915	2.9386	0.0032969857905744554	0.010077786566522586
HDR through Homologous Recombination (HRR)	2	2	0	1.0	1.3941	2.9277	0.00341467303540359	0.010402841107857448
Neurotransmitter receptors and postsynaptic signal transmission	2	0	2	1.0	-1.2665	-2.9254	0.003439748052346087	0.010444532993381992
Cooperation of Prefoldin and TriC/CCT  in actin and tubulin folding	2	0	2	1.0	-1.3171	-2.9186	0.0035156824706599307	0.01063987071153517
NOTCH1 Intracellular Domain Regulates Transcription	2	0	2	1.0	-1.3975	-2.9135	0.00357411490729965	0.010755376281171913
PD-L1(CD274) glycosylation and translocation to plasma membrane	2	2	0	1.0	1.516	2.9132	0.003577306178579535	0.010755376281171913
HDACs deacetylate histones	2	0	2	1.0	-1.4534	-2.9104	0.0036097268981168905	0.01081738420121957
Protein-protein interactions at synapses	2	0	2	1.0	-1.325	-2.9094	0.0036215274712405863	0.010817396388037843
Antimicrobial peptides	2	2	0	1.0	1.3804	2.9069	0.003649962947047985	0.010866935137801955
Diseases of DNA Double-Strand Break Repair	2	2	0	1.0	1.3983	2.9013	0.0037163543501234787	0.010993215932462032
Defective homologous recombination repair (HRR) due to BRCA2 loss of function	2	2	0	1.0	1.3983	2.9013	0.0037163543501234787	0.010993215932462032
trans-Golgi Network Vesicle Budding	2	2	0	1.0	1.3678	2.8974	0.0037621822409013225	0.01109299393860615
Resolution of D-loop Structures through Holliday Junction Intermediates	2	2	0	1.0	1.4625	2.8845	0.003920375942691407	0.011522386985410322
ZBP1(DAI) mediated induction of type I IFNs	2	2	0	1.0	1.4992	2.8789	0.0039905835925714145	0.011691262474083025
Cargo recognition for clathrin-mediated endocytosis	2	2	0	1.0	1.3083	2.8737	0.004056304720827046	0.01184595996496306
Glucose metabolism	2	2	0	1.0	1.358	2.8726	0.004071660981381613	0.011853057523577584
RMTs methylate histone arginines	2	0	2	1.0	-1.4577	-2.8679	0.0041323386176958105	0.011964651522759155
Integrin cell surface interactions	2	2	0	1.0	1.3619	2.8676	0.004136090002960362	0.011964651522759155
Translation of Structural Proteins_9683701	2	2	0	1.0	1.4519	2.8631	0.004194612256977379	0.01209578440140961
RAC3 GTPase cycle	2	2	0	1.0	1.3459	2.8603	0.00423272676295197	0.012154104623966535
Degradation of CRY and PER proteins	2	0	2	1.0	-1.3557	-2.8596	0.0042413451250483	0.012154104623966535
Respiratory Syncytial Virus Infection Pathway	2	2	0	1.0	1.3217	2.8468	0.004416044614128192	0.012615305019176175
Formation of the embryonic stem cell BAF (esBAF) complex	2	0	2	1.0	-1.4963	-2.8375	0.004547365544682625	0.012950106225074432
Nephrin family interactions	2	0	2	1.0	-1.4863	-2.8358	0.004570698317363436	0.012976254975301147
PTEN Regulation	2	0	2	1.0	-1.2917	-2.8337	0.004600804118015461	0.01302141165500055
Signaling by TGF-beta Receptor Complex	2	0	2	1.0	-1.346	-2.8268	0.0047014911418604335	0.013265438083341591
Growth hormone receptor signaling	2	2	0	1.0	1.4882	2.8209	0.004788691263749438	0.013449212966090853
Disorders of Developmental Biology	2	0	2	1.0	-1.4889	-2.8196	0.0048080063776144415	0.013449212966090853
Circadian clock	2	0	2	1.0	-1.3291	-2.8194	0.004810623612734787	0.013449212966090853
Collagen chain trimerization	2	0	2	1.0	-1.4108	-2.8178	0.004835529401748266	0.013477752162319634
Homologous DNA Pairing and Strand Exchange	2	2	0	1.0	1.4018	2.8161	0.0048609624421799705	0.013507583513572827
p75NTR signals via NF-kB	2	2	0	1.0	1.492	2.8085	0.0049777202738199074	0.013790240154359078
Co-inhibition by PD-1	2	2	0	1.0	1.2819	2.8025	0.005070659786694056	0.01400540669999533
Sialic acid metabolism	2	2	0	1.0	1.4478	2.8003	0.005104995243479387	0.01405789981462642
CD209 (DC-SIGN) signaling	2	2	0	1.0	1.478	2.7977	0.005147496243271285	0.014132497170897509
Ras activation upon Ca2+ influx through NMDA receptor	2	0	2	1.0	-1.4818	-2.796	0.005173858806172853	0.014162473209732854
EPHA-mediated growth cone collapse	2	0	2	1.0	-1.4331	-2.7929	0.00522398624355184	0.014257129123026896
Glycogen breakdown (glycogenolysis)	2	0	2	1.0	-1.4949	-2.7753	0.0055152945278232664	0.015007492824967167
Transcription-Coupled Nucleotide Excision Repair (TC-NER)	2	0	2	1.0	-1.3525	-2.7695	0.005615062656298917	0.015233764662207416
Negative regulation of MET activity	2	2	0	1.0	1.4749	2.7601	0.005778717248215236	0.015631515388240032
Constitutive Signaling by Aberrant PI3K in Cancer	2	2	0	1.0	1.3337	2.7472	0.0060098575162493275	0.016208939242354805
Downstream signaling of activated FGFR4	2	0	2	1.0	-1.4386	-2.7407	0.006131384061280035	0.016488208751301442
Formation of the ureteric bud	2	0	2	1.0	-1.4617	-2.7369	0.006202756600776652	0.016631367844772482
Global Genome Nucleotide Excision Repair (GG-NER)	2	0	2	1.0	-1.3423	-2.729	0.006353543683930606	0.016986004542753255
Regulation of FZD by ubiquitination	2	0	2	1.0	-1.4552	-2.7201	0.0065253284471974895	0.017386876098791686
Processive synthesis on the lagging strand	2	2	0	1.0	1.4721	2.7193	0.006541409219283677	0.017386876098791686
Signaling by ALK fusions and activated point mutants	2	2	0	1.0	1.3164	2.7148	0.006631022240973623	0.017523479524417327
Signaling by ALK in cancer	2	2	0	1.0	1.3164	2.7148	0.006631022240973623	0.017523479524417327
G-protein beta:gamma signalling	2	2	0	1.0	1.4262	2.7047	0.006837626926230442	0.017968090773648634
Adrenaline,noradrenaline inhibits insulin secretion	2	0	2	1.0	-1.4189	-2.7046	0.006838455485281759	0.017968090773648634
Downstream signaling of activated FGFR2	2	0	2	1.0	-1.417	-2.6998	0.006937808198882896	0.018177057481073188
Phosphorylated BMAL1:CLOCK (ARNTL:CLOCK) activates expression of core clock genes	2	0	2	1.0	-1.4602	-2.6877	0.00719459424188532	0.018796133674669056
DNA Double-Strand Break Repair	2	2	0	1.0	1.2625	2.6853	0.007246907045541929	0.018879016365800992
Regulation of PTEN stability and activity	2	0	2	1.0	-1.3508	-2.6838	0.007279523013655458	0.01891026233292367
Extra-nuclear estrogen signaling	2	0	2	1.0	-1.3234	-2.6781	0.007403430485503303	0.019177812867815055
Metabolism of porphyrins	2	2	0	1.0	1.4156	2.6623	0.0077602065512350745	0.020045378612626938
Nuclear Envelope Breakdown	2	2	0	1.0	1.3702	2.6605	0.007803559927175022	0.02008042495074315
DNA Damage Recognition in GG-NER	2	0	2	1.0	-1.3861	-2.6594	0.007828113021076192	0.02008042495074315
PINK1-PRKN Mediated Mitophagy	2	0	2	1.0	-1.3962	-2.6589	0.007839467974226879	0.02008042495074315
Infection with Mycobacterium tuberculosis	2	2	0	1.0	1.4345	2.6553	0.007923676645128901	0.02023958630524569
Resolution of D-loop Structures through Synthesis-Dependent Strand Annealing (SDSA)	2	2	0	1.0	1.4366	2.6515	0.008012991744273846	0.02041087063749755
Elevation of cytosolic Ca2+ levels	2	2	0	1.0	1.4581	2.6471	0.0081185428059345	0.020622448069368245
PI3K Cascade	2	0	2	1.0	-1.3735	-2.641	0.008266173119233739	0.020939449586567235
Signaling by Hippo	2	0	2	1.0	-1.4431	-2.6369	0.00836667857540071	0.02113565910094339
Response to elevated platelet cytosolic Ca2+	2	2	0	1.0	1.2717	2.6338	0.008443154182968348	0.02127025380709334
Interleukin-20 family signaling	2	2	0	1.0	1.4286	2.6276	0.008598046360648601	0.021601119212917172
Homology Directed Repair	2	2	0	1.0	1.2607	2.6232	0.008711024402798289	0.021825162233240523
PI3K events in ERBB2 signaling	2	0	2	1.0	-1.4596	-2.6204	0.008783510480622675	0.021946809566024503
Intracellular signaling by second messengers	2	0	2	1.0	-1.1867	-2.6036	0.009225357075883074	0.02298818597441516
Laminin interactions	2	0	2	1.0	-1.386	-2.5981	0.009373500115985155	0.023294036873599967
Impaired BRCA2 binding to PALB2	2	2	0	1.0	1.4172	2.5931	0.009512257241145392	0.023322833930829744
Defective HDR through Homologous Recombination Repair (HRR) due to PALB2 loss of BRCA2/RAD51/RAD51C binding function	2	2	0	1.0	1.4172	2.5931	0.009512257241145392	0.023322833930829744
Defective homologous recombination repair (HRR) due to PALB2 loss of function	2	2	0	1.0	1.4172	2.5931	0.009512257241145392	0.023322833930829744
Defective homologous recombination repair (HRR) due to BRCA1 loss of function	2	2	0	1.0	1.4172	2.5931	0.009512257241145392	0.023322833930829744
Defective HDR through Homologous Recombination Repair (HRR) due to PALB2 loss of BRCA1 binding function	2	2	0	1.0	1.4172	2.5931	0.009512257241145392	0.023322833930829744
Signaling by CSF3 (G-CSF)	2	2	0	1.0	1.4111	2.5914	0.009559849129171585	0.023377017737200915
WNT5A-dependent internalization of FZD4	2	2	0	1.0	1.4439	2.5874	0.009670194842053642	0.023583959229157417
Pre-NOTCH Processing in Golgi	2	2	0	1.0	1.4422	2.5842	0.009759732644675972	0.02373919054421185
Cell death signalling via NRAGE, NRIF and NADE	2	2	0	1.0	1.3095	2.5825	0.00980787586434394	0.023793180337575118
Signaling by TGFBR3	2	2	0	1.0	1.3552	2.573	0.01008202786728849	0.0243937191406426
Nucleotide catabolism	2	2	0	1.0	1.36	2.5714	0.010127787360559274	0.024439950025349617
Pentose phosphate pathway	2	2	0	1.0	1.2909	2.5662	0.010282525659030132	0.024748231048111892
Downstream signaling of activated FGFR3	2	0	2	1.0	-1.4083	-2.5634	0.010366154717004866	0.024821762525790145
Regulation of CDH1 posttranslational processing and trafficking to plasma membrane	2	2	0	1.0	1.3911	2.5629	0.010380217290111205	0.024821762525790145
Interleukin-7 signaling	2	2	0	1.0	1.4173	2.5624	0.010394282235445383	0.024821762525790145
Defective Intrinsic Pathway for Apoptosis	2	2	0	1.0	1.4177	2.5611	0.010435396484067558	0.024855217080233638
Downregulation of TGF-beta receptor signaling	2	0	2	1.0	-1.4008	-2.5595	0.010482813900499726	0.024903472400928106
Mitochondrial protein degradation	2	0	2	1.0	-1.2809	-2.5577	0.010536765371170567	0.024966960840732324
Diseases of signal transduction by growth factor receptors and second messengers	2	2	0	1.0	1.165	2.5425	0.011004711551249383	0.0260085579703497
Glycosaminoglycan metabolism	2	2	0	1.0	1.2509	2.5367	0.01118912905585954	0.026376430190805135
Semaphorin interactions	2	2	0	1.0	1.3149	2.5357	0.011221784012242149	0.026385579331348847
TP53 Regulates Transcription of Cell Cycle Genes	2	2	0	1.0	1.3303	2.5292	0.011432402066953146	0.026812052929401625
Dopamine Neurotransmitter Release Cycle	2	0	2	1.0	-1.4004	-2.5228	0.0116438607331867	0.027238317072276027
SARS-CoV-1 targets host intracellular signalling and regulatory pathways	2	0	2	1.0	-1.3351	-2.5135	0.011955235874072937	0.027851125145883317
Expression of BMAL (ARNTL), CLOCK, and NPAS2	2	0	2	1.0	-1.3585	-2.5131	0.01196656849234245	0.027851125145883317
Anchoring of the basal body to the plasma membrane	2	0	2	1.0	-1.2692	-2.4996	0.012434528757565363	0.028866994609335287
IKK complex recruitment mediated by RIP1	2	2	0	1.0	1.3953	2.4969	0.012526710394080863	0.0290075591701317
Centrosome maturation	2	0	2	1.0	-1.2797	-2.4892	0.012804324568722259	0.029387744768669948
Recruitment of mitotic centrosome proteins and complexes	2	0	2	1.0	-1.2797	-2.4892	0.012804324568722259	0.029387744768669948
Diseases of DNA repair	2	2	0	1.0	1.3187	2.4888	0.012818707360362022	0.029387744768669948
RHOB GTPase cycle	2	0	2	1.0	-1.2828	-2.4888	0.012819081687533238	0.029387744768669948
activated TAK1 mediates p38 MAPK activation	2	2	0	1.0	1.3914	2.4852	0.012946687058030882	0.02960626441948708
TNFR1-induced proapoptotic signaling	2	2	0	1.0	1.3878	2.4814	0.013086914642242578	0.029852489370488667
Beta defensins	2	2	0	1.0	1.3855	2.4785	0.01319494956495278	0.029905439202838183
Regulation of TP53 Expression and Degradation	2	2	0	1.0	1.36	2.4783	0.013200495175805751	0.029905439202838183
Deposition of new CENPA-containing nucleosomes at the centromere	2	2	0	1.0	1.3555	2.4772	0.013240576135607746	0.029905439202838183
Nucleosome assembly	2	2	0	1.0	1.3555	2.4772	0.013240576135607746	0.029905439202838183
Regulation of pyruvate dehydrogenase (PDH) complex	2	0	2	1.0	-1.4153	-2.4593	0.013919485554757182	0.03136159276096397
Plasma lipoprotein remodeling	2	2	0	1.0	1.3459	2.4576	0.013985577371581816	0.03143327071014835
Assembly of collagen fibrils and other multimeric structures	2	2	0	1.0	1.303	2.455	0.014089065211575543	0.031588442051380866
Mitophagy	2	0	2	1.0	-1.3468	-2.4464	0.014428368209626246	0.03227027719079821
RNA Polymerase II Pre-transcription Events	2	0	2	1.0	-1.2773	-2.441	0.014648044920178153	0.032568147801040025
Nicotinate metabolism	2	2	0	1.0	1.3653	2.4408	0.014656442518146389	0.032568147801040025
FRS-mediated FGFR2 signaling	2	0	2	1.0	-1.369	-2.4405	0.014668097101231767	0.032568147801040025
RND2 GTPase cycle	2	0	2	1.0	-1.319	-2.4321	0.015011508530895544	0.03325012879910921
Impaired BRCA2 binding to RAD51	2	2	0	1.0	1.332	2.4282	0.015172027170825149	0.033524696182281113
FRS-mediated FGFR4 signaling	2	0	2	1.0	-1.3793	-2.4227	0.015404121626448154	0.033955720027531146
Sensory processing of sound by inner hair cells of the cochlea	2	0	2	1.0	-1.2924	-2.4188	0.015569905564343517	0.03414452595391403
Presynaptic phase of homologous DNA pairing and strand exchange	2	2	0	1.0	1.3207	2.4185	0.015584971179276319	0.03414452595391403
Glyoxylate metabolism and glycine degradation	2	0	2	1.0	-1.207	-2.4181	0.015601479143609574	0.03414452595391403
Diseases of hemostasis	2	2	0	1.0	1.3593	2.4139	0.01578267446855508	0.034458839256345256
RIP-mediated NFkB activation via ZBP1	2	2	0	1.0	1.4015	2.4107	0.01592071015700166	0.03467765133959744
Post-translational modification: synthesis of GPI-anchored proteins	2	2	0	1.0	1.2709	2.4068	0.01609193898221462	0.03496755461301138
Regulation of TP53 Activity through Acetylation	2	0	2	1.0	-1.3497	-2.4012	0.016340305429962634	0.035423309880084485
Activation of AMPK downstream of NMDARs	2	0	2	1.0	-1.2292	-2.4003	0.016380057064201137	0.035425736622340664
Deregulated CDK5 triggers multiple neurodegenerative pathways in Alzheimer's disease models	2	2	0	1.0	1.3775	2.3952	0.01661008175998521	0.03575456566644703
Neurodegenerative Diseases	2	2	0	1.0	1.3775	2.3952	0.01661008175998521	0.03575456566644703
Amplification of signal from the kinetochores	2	2	0	1.0	1.2599	2.3892	0.016883340670670818	0.036172951857488644
Amplification  of signal from unattached  kinetochores via a MAD2  inhibitory signal	2	2	0	1.0	1.2599	2.3892	0.016883340670670818	0.036172951857488644
Maturation of nucleoprotein_9694631	2	2	0	1.0	1.364	2.3831	0.017168125314413314	0.036697368096310044
Downstream signaling of activated FGFR1	2	0	2	1.0	-1.3286	-2.3778	0.017414786688650163	0.03713804510114465
Ion channel transport	2	2	0	1.0	1.2058	2.3737	0.017611164800132084	0.03746969401791444
TRP channels	2	2	0	1.0	1.3571	2.3726	0.01766324813635583	0.037493515141292344
NRIF signals cell death from the nucleus	2	2	0	1.0	1.3775	2.3716	0.01771001931278185	0.03750597623515232
Cytosolic sensors of pathogen-associated DNA	2	2	0	1.0	1.2884	2.3695	0.017811079164507436	0.0375932565726647
Glycosaminoglycan-protein linkage region biosynthesis	2	0	2	1.0	-1.3411	-2.3691	0.017833224219312046	0.0375932565726647
TP53 Regulates Transcription of Genes Involved in Cytochrome C Release	2	2	0	1.0	1.3625	2.3646	0.018051896499893687	0.03796694745505163
Integration of energy metabolism	2	0	2	1.0	-1.2291	-2.3589	0.018331576730057732	0.038466947051402606
PI3K/AKT Signaling in Cancer	2	2	0	1.0	1.2344	2.3568	0.018432951288680253	0.038591361487944724
Inactivation, recovery and regulation of the phototransduction cascade	2	0	2	1.0	-1.3263	-2.3557	0.018486922575879156	0.038616191348704296
ER to Golgi Anterograde Transport	2	0	2	1.0	-1.198	-2.3538	0.018583768764943963	0.0387302635396673
Resolution of Sister Chromatid Cohesion	2	2	0	1.0	1.2245	2.3357	0.019507717463827137	0.040563666472402456
Synaptic adhesion-like molecules	2	0	2	1.0	-1.3409	-2.3267	0.01997915727829654	0.04144965205404833
PI5P, PP2A and IER3 Regulate PI3K/AKT Signaling	2	2	0	1.0	1.2309	2.3259	0.02002420486362422	0.04144965205404833
Disassembly of the destruction complex and recruitment of AXIN to the membrane	2	0	2	1.0	-1.3208	-2.3221	0.02022676616568003	0.0417746499412806
TRAF6 mediated NF-kB activation	2	2	0	1.0	1.3447	2.3126	0.02074590345758883	0.04275054712496395
Activation of APC/C and APC/C:Cdc20 mediated degradation of mitotic proteins	2	2	0	1.0	1.2629	2.3079	0.021006780258923226	0.04319107062204618
N-glycan antennae elongation in the medial/trans-Golgi	2	2	0	1.0	1.3433	2.3028	0.02128833599857169	0.043672044990358476
Synthesis of PC	2	2	0	1.0	1.3381	2.301	0.0213935862095899	0.043789996772754324
Sema3A PAK dependent Axon repulsion	2	2	0	1.0	1.3361	2.3001	0.021442895009994262	0.04379317310504396
Downregulation of ERBB2 signaling	2	0	2	1.0	-1.3178	-2.2981	0.021554074945871617	0.043922414945253944
Sensory processing of sound	2	0	2	1.0	-1.2579	-2.2891	0.022071997294614586	0.04487809649481503
G0 and Early G1	2	2	0	1.0	1.3273	2.284	0.02237099091560469	0.04538539528674668
Negative regulation of FGFR2 signaling	2	0	2	1.0	-1.3038	-2.2823	0.022472295852529387	0.045490276593310036
IRS-mediated signalling	2	0	2	1.0	-1.28	-2.2685	0.023301137639411214	0.04706419210427331
FRS-mediated FGFR3 signaling	2	0	2	1.0	-1.3436	-2.2619	0.023703577429415253	0.04777182528082151
HDR through Homologous Recombination (HRR) or Single Strand Annealing (SSA)	2	2	0	1.0	1.2244	2.2545	0.02416159606797213	0.04831427587958828
PKMTs methylate histone lysines	2	0	2	1.0	-1.2836	-2.2545	0.024166805337161926	0.04831427587958828
Peptide hormone metabolism	2	2	0	1.0	1.2397	2.2544	0.024170921365963306	0.04831427587958828
Estrogen-dependent nuclear events downstream of ESR-membrane signaling	2	0	2	1.0	-1.3344	-2.2542	0.0241834816016696	0.04831427587958828
Recruitment and ATM-mediated phosphorylation of repair and signaling proteins at DNA double strand breaks	2	0	2	1.0	-1.2858	-2.2525	0.02428887975654307	0.04840528210295279
Cargo concentration in the ER	2	2	0	1.0	1.3043	2.2518	0.024334607469423376	0.04840528210295279
Regulation of HSF1-mediated heat shock response	2	0	2	1.0	-1.2349	-2.2487	0.024534125777946666	0.04859524199582689
RHOF GTPase cycle	2	0	2	1.0	-1.2856	-2.2486	0.02453609274162252	0.04859524199582689
Golgi Associated Vesicle Biogenesis	2	2	0	1.0	1.2599	2.2446	0.024791375492448788	0.04890556259928911
Initiation of Nuclear Envelope (NE) Reformation	2	2	0	1.0	1.3434	2.2438	0.024848001216421663	0.04890556259928911
RUNX1 interacts with co-factors whose precise effect on RUNX1 targets is not known	2	0	2	1.0	-1.2872	-2.243	0.024894202498836407	0.04890556259928911
Insulin receptor signalling cascade	2	0	2	1.0	-1.2694	-2.2422	0.024950314023964953	0.04890556259928911
CRMPs in Sema3A signaling	2	2	0	1.0	1.3622	2.242	0.024959436528317672	0.04890556259928911
RND3 GTPase cycle	2	0	2	1.0	-1.2772	-2.2402	0.02507618906123563	0.04900793977228521
Degradation of beta-catenin by the destruction complex	2	0	2	1.0	-1.2132	-2.2389	0.025165136396777848	0.04900793977228521
Cardiogenesis	2	0	2	1.0	-1.2911	-2.2388	0.025172017047705924	0.04900793977228521
Evasion by RSV of host interferon responses	2	2	0	1.0	1.3122	2.2367	0.02530357823696961	0.04915970602394308
Loss of proteins required for interphase microtubule organization from the centrosome	2	0	2	1.0	-1.241	-2.2341	0.02547574071893949	0.049285346496344966
Loss of Nlp from mitotic centrosomes	2	0	2	1.0	-1.241	-2.2341	0.02547574071893949	0.049285346496344966
Collagen formation	2	2	0	1.0	1.2267	2.2291	0.025804785940735226	0.04976365400300347
FRS-mediated FGFR1 signaling	2	0	2	1.0	-1.322	-2.2287	0.025831515054994165	0.04976365400300347
IRS-related events triggered by IGF1R	2	0	2	1.0	-1.2657	-2.2275	0.025911158387496164	0.049812436564641474
Positive epigenetic regulation of rRNA expression	2	0	2	1.0	-1.2788	-2.2267	0.02596784239766124	0.0498169696206179
The phototransduction cascade	2	0	2	1.0	-1.2897	-2.2257	0.026032077461831588	0.04983593952505129
Regulation of NF-kappa B signaling	2	2	0	1.0	1.3444	2.2221	0.026273683070745884	0.05012914995352116
Platelet degranulation	2	2	0	1.0	1.2022	2.2218	0.026294570477255922	0.05012914995352116
Transcription of the HIV genome	2	0	2	1.0	-1.2482	-2.219	0.026487125844737683	0.050391482156897205
Chromosome Maintenance	2	2	0	1.0	1.2239	2.2158	0.026702170170163086	0.050695424525961805
Signaling by FGFR1	2	0	2	1.0	-1.2606	-2.2142	0.026811718556461476	0.050798235364204906
Gamma carboxylation, hypusinylation, hydroxylation, and arylsulfatase activation	2	0	2	1.0	-1.2598	-2.2111	0.02702765491434031	0.051075435013484966
Protein hydroxylation	2	0	2	1.0	-1.3377	-2.2105	0.02706942357312289	0.051075435013484966
Metabolic disorders of biological oxidation enzymes	2	2	0	1.0	1.298	2.2039	0.027531442978671005	0.05154332005271327
Signaling by GSK3beta mutants	2	0	2	1.0	-1.3458	-2.2014	0.027710857999986523	0.05154332005271327
CTNNB1 T41 mutants aren't phosphorylated	2	0	2	1.0	-1.3458	-2.2014	0.027710857999986523	0.05154332005271327
CTNNB1 S45 mutants aren't phosphorylated	2	0	2	1.0	-1.3458	-2.2014	0.027710857999986523	0.05154332005271327
Signaling by CTNNB1 phospho-site mutants	2	0	2	1.0	-1.3458	-2.2014	0.027710857999986523	0.05154332005271327
CTNNB1 S37 mutants aren't phosphorylated	2	0	2	1.0	-1.3458	-2.2014	0.027710857999986523	0.05154332005271327
CTNNB1 S33 mutants aren't phosphorylated	2	0	2	1.0	-1.3458	-2.2014	0.027710857999986523	0.05154332005271327
Formation of the nephric duct	2	0	2	1.0	-1.3132	-2.1997	0.027829676064663984	0.051588606166414724
RHOQ GTPase cycle	2	0	2	1.0	-1.2469	-2.1994	0.027847720885905442	0.051588606166414724
Platelet Aggregation (Plug Formation)	2	2	0	1.0	1.2792	2.1948	0.028177589914018142	0.05209445554668273
cGMP effects	2	0	2	1.0	-1.3099	-2.1825	0.029076146743104766	0.05364753835699612
The canonical retinoid cycle in rods (twilight vision)	2	2	0	1.0	1.3071	2.1803	0.02923641889489091	0.053734265492224556
Attenuation phase	2	0	2	1.0	-1.2982	-2.1802	0.0292403473071102	0.053734265492224556
Dengue virus activates/modulates innate and adaptive immune responses	2	2	0	1.0	1.3024	2.178	0.029407684918705653	0.053933694140906166
Activation of ATR in response to replication stress	2	2	0	1.0	1.2737	2.1767	0.029505300935156464	0.05400471249009676
Signaling by TGFB family members	2	0	2	1.0	-1.1711	-2.1731	0.029772738458664752	0.0543856596944135
Regulation of endogenous retroelements by KRAB-ZFP proteins	2	0	2	1.0	-1.2578	-2.1709	0.02994002734346072	0.05458251505756159
APC/C:Cdc20 mediated degradation of mitotic proteins	2	2	0	1.0	1.2324	2.1698	0.03001944306975204	0.054612509226863566
IGF1R signaling cascade	2	0	2	1.0	-1.2524	-2.1691	0.030075591231806	0.054612509226863566
RNA Polymerase I Transcription Initiation	2	0	2	1.0	-1.2603	-2.1625	0.03058338746723207	0.05533194949552598
SUMOylation of intracellular receptors	2	0	2	1.0	-1.2888	-2.1623	0.03059247371235733	0.05533194949552598
TP53 Regulates Transcription of Genes Involved in G2 Cell Cycle Arrest	2	2	0	1.0	1.3258	2.1609	0.03070123309585059	0.055419351867903525
Synthesis, secretion, and deacylation of Ghrelin	2	2	0	1.0	1.3104	2.156	0.031085942058255385	0.05593433608481433
Synthesis of Leukotrienes (LT) and Eoxins (EX)	2	2	0	1.0	1.3237	2.1557	0.0311085184332119	0.05593433608481433
Metabolism of nucleotides	2	2	0	1.0	1.2054	2.1549	0.031172609801803246	0.05593988882241405
Negative regulation of FGFR4 signaling	2	0	2	1.0	-1.2802	-2.1531	0.031312315834965423	0.055987917488067085
Gap junction assembly	2	0	2	1.0	-1.247	-2.153	0.03132148491971474	0.055987917488067085
Gastrin-CREB signalling pathway via PKC and MAPK	2	2	0	1.0	1.3253	2.1521	0.031391961903477116	0.05600472580834342
Signaling by Type 1 Insulin-like Growth Factor 1 Receptor (IGF1R)	2	0	2	1.0	-1.2457	-2.1511	0.03147003430609548	0.05603499312366904
Inhibition of DNA recombination at telomere	2	0	2	1.0	-1.3049	-2.1362	0.03266281314786951	0.058046123365496784
DAG1 glycosylations	2	0	2	1.0	-1.3065	-2.1198	0.034026319942624055	0.060352292818928926
Energy dependent regulation of mTOR by LKB1-AMPK	2	0	2	1.0	-1.2771	-2.1173	0.034234350627463175	0.06060405313780643
Regulation of MITF-M-dependent genes involved in cell cycle and proliferation	2	2	0	1.0	1.3139	2.1151	0.03441868582089753	0.060812976681624345
Acetylcholine Neurotransmitter Release Cycle	2	0	2	1.0	-1.2962	-2.1093	0.034921860436465155	0.06158335773122798
Formation of WDR5-containing histone-modifying complexes	2	0	2	1.0	-1.2526	-2.1038	0.03539401700856777	0.062296187326020436
TRAF6 mediated IRF7 activation	2	2	0	1.0	1.287	2.1029	0.03547743741152816	0.06232339100837418
Aflatoxin activation and detoxification	2	2	0	1.0	1.2952	2.1016	0.03558642701860447	0.06239532232516309
PIP3 activates AKT signaling	2	0	2	1.0	-1.1373	-2.0999	0.03573425983741504	0.0625349547154763
G alpha (z) signalling events	2	2	0	1.0	1.2432	2.0887	0.03673030580401013	0.06415560080433769
Signaling by ERBB2 KD Mutants	2	0	2	1.0	-1.2779	-2.0841	0.03714773813325502	0.06476136096614991
Signaling by FGFR4	2	0	2	1.0	-1.2471	-2.0833	0.03722412083543808	0.06477138293376987
Signaling by NOTCH3	2	2	0	1.0	1.2381	2.0795	0.03756912735197161	0.06524789731393554
Signaling by FGFR	2	0	2	1.0	-1.1911	-2.0774	0.037762646607669	0.06546001311764173
Diseases associated with glycosaminoglycan metabolism	2	0	2	1.0	-1.2363	-2.0698	0.038474998417878284	0.06656900669659317
RAF activation	2	0	2	1.0	-1.2514	-2.0612	0.03928393288448462	0.06783139869988275
Negative regulation of FGFR1 signaling	2	0	2	1.0	-1.2509	-2.0605	0.0393525671846648	0.06783139869988275
Negative regulation of FGFR3 signaling	2	0	2	1.0	-1.2604	-2.0585	0.0395469449481984	0.06803855256566217
Mitotic Spindle Checkpoint	2	2	0	1.0	1.1829	2.0511	0.04026158593300247	0.0691383413868226
RA biosynthesis pathway	2	2	0	1.0	1.2856	2.0494	0.0404241639440028	0.06928777259187022
Formation of Fibrin Clot (Clotting Cascade)	2	2	0	1.0	1.2488	2.0471	0.04065164176094344	0.06954767816191257
Defective B3GALTL causes PpS	2	0	2	1.0	-1.2381	-2.0435	0.04099941137221664	0.07000802733657338
Signaling by FGFR2 IIIa TM	2	0	2	1.0	-1.285	-2.0428	0.04107341189430369	0.07000802733657338
Ion transport by P-type ATPases	2	0	2	1.0	-1.2184	-2.0349	0.041857749087476304	0.07121253416181034
Signaling by FGFR2	2	0	2	1.0	-1.1982	-2.034	0.041953503810010874	0.07124326480329624
CREB1 phosphorylation through NMDA receptor-mediated activation of RAS signaling	2	0	2	1.0	-1.2538	-2.0277	0.042594980906369886	0.07184422998120614
PKA activation	2	0	2	1.0	-1.2862	-2.026	0.04276471727478072	0.07184422998120614
HIV Transcription Initiation	2	0	2	1.0	-1.2274	-2.0241	0.042956777762358296	0.07184422998120614
RNA Polymerase II Transcription Pre-Initiation And Promoter Opening	2	0	2	1.0	-1.2274	-2.0241	0.042956777762358296	0.07184422998120614
RNA Polymerase II Transcription Initiation	2	0	2	1.0	-1.2274	-2.0241	0.042956777762358296	0.07184422998120614
RNA Polymerase II Transcription Initiation And Promoter Clearance	2	0	2	1.0	-1.2274	-2.0241	0.042956777762358296	0.07184422998120614
RNA Polymerase II HIV Promoter Escape	2	0	2	1.0	-1.2274	-2.0241	0.042956777762358296	0.07184422998120614
RNA Polymerase II Promoter Escape	2	0	2	1.0	-1.2274	-2.0241	0.042956777762358296	0.07184422998120614
Association of TriC/CCT with target proteins during biosynthesis	2	0	2	1.0	-1.2362	-2.0229	0.04308530721973965	0.07184422998120614
Platelet calcium homeostasis	2	2	0	1.0	1.2606	2.0228	0.043090868581966604	0.07184422998120614
Biosynthesis of specialized proresolving mediators (SPMs)	2	2	0	1.0	1.2855	2.0205	0.04332736764625094	0.07203143660341307
CS/DS degradation	2	2	0	1.0	1.2745	2.0202	0.043360254094966216	0.07203143660341307
GABA receptor activation	2	0	2	1.0	-1.2111	-2.018	0.04359407439810549	0.07228890817913695
Regulation of TP53 Degradation	2	2	0	1.0	1.2405	2.0164	0.0437548743017369	0.07242458435865115
Regulation of insulin secretion	2	0	2	1.0	-1.1883	-2.0122	0.04419479449132506	0.07297272381701504
Nitric oxide stimulates guanylate cyclase	2	0	2	1.0	-1.2499	-2.0118	0.04424518477890989	0.07297272381701504
Metabolism of water-soluble vitamins and cofactors	2	2	0	1.0	1.1634	2.0001	0.04549450717646982	0.07489849745210561
RND1 GTPase cycle	2	0	2	1.0	-1.2264	-1.9983	0.045679323311070254	0.07506799189292371
Signalling to ERKs	2	2	0	1.0	1.2356	1.9966	0.04587184514154433	0.0752495205631416
EML4 and NUDC in mitotic spindle formation	2	2	0	1.0	1.1689	1.9933	0.046232544734741914	0.07570579200313987
Dual incision in TC-NER	2	0	2	1.0	-1.1967	-1.9912	0.04645410316590963	0.07593299929258313
MTOR signalling	2	0	2	1.0	-1.2231	-1.9861	0.04701790248429043	0.07671782309269452
DNA Double Strand Break Response	2	0	2	1.0	-1.217	-1.9811	0.04757982541300577	0.07749680267091703
Integrin signaling	2	2	0	1.0	1.2436	1.9799	0.04771497223244605	0.07757626340048046
High laminar flow shear stress activates signaling by PIEZO1 and PECAM1:CDH5:KDR in endothelial cells	2	2	0	1.0	1.1905	1.9792	0.04779780678437455	0.07757626340048046
Diseases of metabolism	2	2	0	1.0	1.1269	1.9774	0.048001003617748096	0.07776841045490283
Cellular hexose transport	2	2	0	1.0	1.2639	1.9743	0.0483433359285584	0.0781849013165574
Surfactant metabolism	2	2	0	1.0	1.2562	1.9664	0.04925028462994447	0.07951146303813218
Signaling by NOTCH2	2	2	0	1.0	1.2328	1.9613	0.049839400867184115	0.08020961097013966
O-glycosylation of TSR domain-containing proteins	2	0	2	1.0	-1.2157	-1.9583	0.05019624678080712	0.08020961097013966
Signaling by phosphorylated juxtamembrane, extracellular and kinase domain KIT mutants	2	2	0	1.0	1.2457	1.9582	0.05020639611305312	0.08020961097013966
Signaling by KIT in disease	2	2	0	1.0	1.2457	1.9582	0.05020639611305312	0.08020961097013966
Insulin processing	2	0	2	1.0	-1.2468	-1.9578	0.05024980798505301	0.08020961097013966
Carboxyterminal post-translational modifications of tubulin	2	0	2	1.0	-1.1952	-1.9576	0.05027309446532699	0.08020961097013966
Signaling by ERBB2 in Cancer	2	0	2	1.0	-1.237	-1.9574	0.050295012331330755	0.08020961097013966
Signaling by NTRK1 (TRKA)	2	2	0	1.0	1.1568	1.955	0.050584265229148044	0.08053085280404298
RNA Polymerase I Promoter Clearance	2	0	2	1.0	-1.2085	-1.9488	0.05132034643124244	0.08156110516022412
Endogenous sterols	2	2	0	1.0	1.2497	1.947	0.05153645446567862	0.08176285250004722
mRNA 3'-end processing	2	0	2	1.0	-1.1297	-1.9409	0.05226875618923809	0.08278143251387103
Basigin interactions	2	2	0	1.0	1.2297	1.9395	0.05243968184989137	0.08290894526956963
ESR-mediated signaling	2	0	2	1.0	-1.1321	-1.9379	0.05264011186575963	0.08308258619776519
Neurexins and neuroligins	2	0	2	1.0	-1.185	-1.9337	0.053144541531395056	0.0834798009028794
HSF1 activation	2	0	2	1.0	-1.2228	-1.9337	0.05315282022152085	0.0834798009028794
Meiosis	2	0	2	1.0	-1.1937	-1.9336	0.0531648895608305	0.0834798009028794
Negative Regulation of CDH1 Gene Transcription	2	0	2	1.0	-1.2058	-1.9316	0.05341295108339544	0.08372594212559593
GPER1 signaling	2	0	2	1.0	-1.2053	-1.9305	0.053549369620914646	0.08379653915081695
Uptake and actions of bacterial toxins	2	0	2	1.0	-1.2238	-1.9297	0.05364330397228443	0.08380052767050225
Signaling by FGFR3	2	0	2	1.0	-1.2133	-1.9279	0.0538690727404776	0.08401010153574483
Mitochondrial biogenesis	2	0	2	1.0	-1.1775	-1.9266	0.054027711578857794	0.0841144507942489
Thrombin signalling through proteinase activated receptors (PARs)	2	2	0	1.0	1.2256	1.9135	0.05568422139705908	0.08654649325610707
Regulation of MECP2 expression and activity	2	0	2	1.0	-1.2158	-1.9107	0.0560403951210639	0.08695269429105854
Nuclear Pore Complex (NPC) Disassembly	2	2	0	1.0	1.2152	1.9087	0.05630584694845386	0.0872169960333314
Nonhomologous End-Joining (NHEJ)	2	0	2	1.0	-1.2045	-1.898	0.05769033436809776	0.08921085432638388
NOTCH3 Activation and Transmission of Signal to the Nucleus	2	2	0	1.0	1.239	1.8956	0.05801390775353022	0.08956019092590439
Endosomal Sorting Complex Required For Transport (ESCRT)	2	0	2	1.0	-1.2103	-1.8912	0.058604017196715735	0.09027921489736666
Signaling by NTRKs	2	2	0	1.0	1.1352	1.8899	0.058766499340039705	0.09027921489736666
Metabolism of vitamins and cofactors	2	2	0	1.0	1.1214	1.8899	0.05877501776851461	0.09027921489736666
Senescence-Associated Secretory Phenotype (SASP)	2	2	0	1.0	1.1867	1.8862	0.05926696281988723	0.0908826168993923
Lagging Strand Synthesis	2	2	0	1.0	1.2178	1.8809	0.05998921845511787	0.09183658317753436
Chk1/Chk2(Cds1) mediated inactivation of Cyclin B:Cdk1 complex	2	2	0	1.0	1.2363	1.879	0.06023835929527223	0.0919459209313738
Activated point mutants of FGFR2	2	0	2	1.0	-1.2378	-1.8789	0.060261176095698636	0.0919459209313738
Translesion synthesis by Y family DNA polymerases bypasses lesions on DNA template	2	2	0	1.0	1.1962	1.8776	0.06042933339132063	0.09204933342166281
Late Phase of HIV Life Cycle	2	0	2	1.0	-1.1004	-1.8743	0.060892087018099936	0.09260040430447371
Phospholipase C-mediated cascade; FGFR4	2	0	2	1.0	-1.2302	-1.8502	0.06428978758497204	0.09760552187983339
Regulation of CDH1 Gene Transcription	2	0	2	1.0	-1.1794	-1.848	0.06460175824192892	0.09791704513694019
FOXO-mediated transcription of cell cycle genes	2	0	2	1.0	-1.2343	-1.8419	0.06549571490030891	0.09902578586070443
RNA Polymerase I Transcription	2	0	2	1.0	-1.1814	-1.8415	0.06554923884127327	0.09902578586070443
Sensory processing of sound by outer hair cells of the cochlea	2	0	2	1.0	-1.1773	-1.8258	0.0678839627696851	0.10228611699282135
RAF-independent MAPK1/3 activation	2	2	0	1.0	1.2164	1.8255	0.06793047464408745	0.10228611699282135
G beta:gamma signalling through PI3Kgamma	2	2	0	1.0	1.2165	1.8245	0.06807837430380888	0.10234076924031597
Norepinephrine Neurotransmitter Release Cycle	2	0	2	1.0	-1.222	-1.8159	0.06938324577247507	0.10413164709224162
G1/S-Specific Transcription	2	2	0	1.0	1.1992	1.813	0.06983076931015918	0.10463205140100647
Receptor-type tyrosine-protein phosphatases	2	0	2	1.0	-1.1734	-1.811	0.07013581134347437	0.10491768189553996
Neurotransmitter release cycle	2	0	2	1.0	-1.1673	-1.8098	0.07033191331047087	0.1050396816053775
Inositol phosphate metabolism	2	0	2	1.0	-1.1742	-1.8087	0.07049019794375662	0.10510489677142248
RHO GTPases Activate WASPs and WAVEs	2	2	0	1.0	1.1809	1.802	0.07154543261792534	0.10650513264713887
RHOC GTPase cycle	2	0	2	1.0	-1.149	-1.7982	0.07214785197675795	0.10722784483417673
RHOH GTPase cycle	2	2	0	1.0	1.1807	1.7937	0.07286057136974397	0.10811188340785634
SUMOylation of DNA replication proteins	2	2	0	1.0	1.1528	1.7867	0.07398846150049868	0.10960810855566605
Hedgehog 'on' state	2	0	2	1.0	-1.1427	-1.7846	0.07432747697703983	0.10993273610958956
NRAGE signals death through JNK	2	2	0	1.0	1.1607	1.772	0.07639176053911799	0.11280393625502608
Voltage gated Potassium channels	2	0	2	1.0	-1.1621	-1.7659	0.07741778363153802	0.1141352212059813
Vasopressin regulates renal water homeostasis via Aquaporins	2	0	2	1.0	-1.165	-1.7611	0.07822816463408643	0.11496646600221926
Intrinsic Pathway for Apoptosis	2	2	0	1.0	1.14	1.761	0.07823236072561049	0.11496646600221926
Insertion of tail-anchored proteins into the endoplasmic reticulum membrane	2	0	2	1.0	-1.1998	-1.7581	0.07872904552145506	0.11551125558907886
Cellular Senescence	2	2	0	1.0	1.117	1.7434	0.08126327296537908	0.11900027356822425
Glucagon-like Peptide-1 (GLP1) regulates insulin secretion	2	0	2	1.0	-1.1613	-1.7428	0.0813665992663867	0.11900027356822425
PCNA-Dependent Long Patch Base Excision Repair	2	2	0	1.0	1.1775	1.7419	0.08152211317684009	0.11903786271204198
Metabolism of steroid hormones	2	2	0	1.0	1.164	1.7329	0.08311251996974718	0.12116721909738977
Cholesterol biosynthesis	2	0	2	1.0	-1.1722	-1.7244	0.08462975875589852	0.12318331552247452
Acyl chain remodelling of PC	2	2	0	1.0	1.1756	1.7192	0.08557089997234167	0.12435580867612886
Signaling by FGFR3 in disease	2	0	2	1.0	-1.1922	-1.717	0.08598371628879632	0.12467622424378089
PKA-mediated phosphorylation of CREB	2	0	2	1.0	-1.198	-1.7165	0.08606330419445289	0.12467622424378089
FOXO-mediated transcription	2	0	2	1.0	-1.1365	-1.7134	0.08664155166702146	0.12531593513984018
Activation of IRF3, IRF7 mediated by TBK1, IKK (IKBKE)	2	2	0	1.0	1.1948	1.6935	0.0903694175497023	0.13032595829461457
VEGFR2 mediated vascular permeability	2	2	0	1.0	1.1752	1.6933	0.09038965046387662	0.13032595829461457
Negative epigenetic regulation of rRNA expression	2	0	2	1.0	-1.1426	-1.685	0.09198142201303013	0.13241281630447194
Peroxisomal protein import	2	0	2	1.0	-1.1336	-1.6828	0.09241575722450382	0.13282954447471787
Assembly of active LPL and LIPC lipase complexes	2	2	0	1.0	1.1763	1.6746	0.09400738014879635	0.13490573958755284
Phospholipase C-mediated cascade; FGFR2	2	0	2	1.0	-1.1781	-1.6708	0.09475315978726526	0.135763511757691
Signaling by ERBB2	2	0	2	1.0	-1.1368	-1.6673	0.0954526684288512	0.1363952787835218
Potassium Channels	2	0	2	1.0	-1.1068	-1.6671	0.09549156922466849	0.1363952787835218
Plasma lipoprotein assembly	2	2	0	1.0	1.1284	1.6643	0.09604871985049879	0.1369777233326709
CaM pathway	2	0	2	1.0	-1.1462	-1.6601	0.0968943485289133	0.13775522108684263
Calmodulin induced events	2	0	2	1.0	-1.1462	-1.6601	0.0968943485289133	0.13775522108684263
Signaling by FGFR2 in disease	2	0	2	1.0	-1.1404	-1.6569	0.09753572794144234	0.13845241876517436
Transcriptional regulation of brown and beige adipocyte differentiation by EBF2	2	0	2	1.0	-1.1502	-1.6547	0.0979841577869087	0.13865968007807913
Transcriptional regulation of brown and beige adipocyte differentiation	2	0	2	1.0	-1.1502	-1.6547	0.0979841577869087	0.13865968007807913
Signaling by FGFR1 in disease	2	0	2	1.0	-1.1454	-1.6536	0.09819984813895836	0.13875078696983795
Regulation of MITF-M-dependent genes involved in apoptosis	2	2	0	1.0	1.1673	1.6517	0.09860084474829779	0.13910303789875242
Formation of RNA Pol II elongation complex	2	0	2	1.0	-1.1302	-1.6492	0.0991038692090843	0.1391709813660222
RNA Polymerase II Transcription Elongation	2	0	2	1.0	-1.1302	-1.6492	0.0991038692090843	0.1391709813660222
Gene Silencing by RNA	2	0	2	1.0	-1.1343	-1.6492	0.09910430843185661	0.1391709813660222
Mechanical load activates signaling by PIEZO1 and integrins in osteocytes	2	0	2	1.0	-1.1776	-1.6404	0.10092327648868257	0.14141758932113932
Serotonin Neurotransmitter Release Cycle	2	0	2	1.0	-1.1699	-1.64	0.1010125638008138	0.14141758932113932
RNA Polymerase III Transcription Termination	2	0	2	1.0	-1.162	-1.6361	0.10180958141146002	0.14231613743034885
Keratan sulfate/keratin metabolism	2	2	0	1.0	1.1423	1.6341	0.10222761836820522	0.14268299245607943
Glycolysis	2	2	0	1.0	1.1057	1.6331	0.10245574130102407	0.14278406500461865
VLDLR internalisation and degradation	2	2	0	1.0	1.1764	1.6317	0.1027432575156026	0.14296747669470045
Chondroitin sulfate/dermatan sulfate metabolism	2	2	0	1.0	1.1357	1.6208	0.1050538362187888	0.1459611633524687
PKR-mediated signaling	2	2	0	1.0	1.1076	1.6167	0.10595034716793783	0.14678435729764377
Regulation of TNFR1 signaling	2	2	0	1.0	1.1111	1.6166	0.10596646077539824	0.14678435729764377
Phase II - Conjugation of compounds	2	2	0	1.0	1.1105	1.613	0.10674703630774708	0.14764258264585833
Interleukin-17 signaling	2	2	0	1.0	1.1055	1.6111	0.10716120878866768	0.14783904931637812
Deactivation of the beta-catenin transactivating complex	2	0	2	1.0	-1.1264	-1.6109	0.10721152431340397	0.14783904931637812
SUMOylation of transcription cofactors	2	0	2	1.0	-1.1324	-1.6062	0.10824044448519303	0.14903376515453756
Beta-catenin phosphorylation cascade	2	0	2	1.0	-1.1608	-1.5986	0.10990928931297952	0.1511046751124471
Signaling by ERBB2 ECD mutants	2	0	2	1.0	-1.1633	-1.5919	0.11139676134881182	0.15292040442643778
Defects of contact activation system (CAS) and kallikrein/kinin system (KKS)	2	2	0	1.0	1.1445	1.59	0.11182405933009507	0.1532775222805638
NOTCH2 Activation and Transmission of Signal to the Nucleus	2	2	0	1.0	1.1536	1.586	0.1127298125634335	0.15428841510547542
Heme signaling	2	0	2	1.0	-1.118	-1.5738	0.11553480968665863	0.1578182942213349
Phospholipase C-mediated cascade: FGFR1	2	0	2	1.0	-1.1414	-1.5733	0.11565345535558139	0.1578182942213349
Resolution of AP sites via the multiple-nucleotide patch replacement pathway	2	2	0	1.0	1.1257	1.5725	0.1158252039377954	0.1578182942213349
Dengue Virus-Host Interactions	2	0	2	1.0	-1.0169	-1.5713	0.11612353996436808	0.15791859324125307
Phosphorylation of the APC/C	2	2	0	1.0	1.1537	1.5707	0.1162432392997228	0.15791859324125307
Fanconi Anemia Pathway	2	2	0	1.0	1.1323	1.5689	0.11666158277626326	0.1582524724938364
FGFR2 ligand binding and activation	2	0	2	1.0	-1.1431	-1.5658	0.1173981219472583	0.15888616705638212
Transcriptional and post-translational regulation of MITF-M expression and activity	2	2	0	1.0	1.1024	1.5653	0.1175115687182658	0.15888616705638212
Meiotic recombination	2	2	0	1.0	1.135	1.5647	0.11764853591197759	0.15888616705638212
Transcriptional regulation by small RNAs	2	0	2	1.0	-1.1539	-1.5615	0.11841251431386209	0.15968275827325223
Metabolism of amino acids and derivatives	2	0	2	1.0	-1.0452	-1.5582	0.11918870958933778	0.16049346063645042
NCAM signaling for neurite out-growth	2	0	2	1.0	-1.1046	-1.5555	0.11982924984242269	0.16109505223802295
mRNA Polyadenylation	2	0	2	1.0	-0.9908	-1.5548	0.11998682734849474	0.16109505223802295
DAG and IP3 signaling	2	0	2	1.0	-1.1187	-1.5516	0.12075072486268829	0.16188364722088475
Myogenesis	2	0	2	1.0	-1.1283	-1.5489	0.12139534531320571	0.1625102651857075
Ca-dependent events	2	0	2	1.0	-1.1198	-1.5468	0.12191027844086691	0.16296169873217925
Intrinsic Pathway of Fibrin Clot Formation	2	2	0	1.0	1.1094	1.5299	0.126044220353959	0.1682424309528099
Termination of translesion DNA synthesis	2	2	0	1.0	1.1156	1.525	0.12725094865736838	0.1696062789517541
NoRC negatively regulates rRNA expression	2	0	2	1.0	-1.1061	-1.5218	0.12805286070631103	0.17042739226079423
DNA Damage/Telomere Stress Induced Senescence	2	2	0	1.0	1.116	1.5161	0.12948352567654048	0.1720817290512864
Signaling by FGFR in disease	2	0	2	1.0	-1.0947	-1.5089	0.13132301587760412	0.1742738141241143
Gap-filling DNA repair synthesis and ligation in TC-NER	2	0	2	1.0	-1.0923	-1.5069	0.13182518748452388	0.1746874232995786
Mitochondrial translation elongation	2	0	2	1.0	-1.072	-1.5051	0.13229732496788915	0.17506009667468161
Mitochondrial calcium ion transport	2	0	2	1.0	-1.1014	-1.5024	0.13298565430693599	0.17567184541955322
NCAM1 interactions	2	0	2	1.0	-1.1023	-1.5018	0.1331427836058773	0.17567184541955322
Transcriptional Regulation by VENTX	2	2	0	1.0	1.1042	1.4989	0.1339070131045873	0.1764263376679692
Base-Excision Repair, AP Site Formation	2	0	2	1.0	-1.1232	-1.4941	0.13515807414972292	0.17781915924719643
G-protein mediated events	2	0	2	1.0	-1.0893	-1.478	0.1394001215221621	0.18294533480355074
Attachment of bacteria to epithelial cells	2	0	2	1.0	-1.1031	-1.4771	0.13965292733095475	0.18294533480355074
Biofilm formation	2	0	2	1.0	-1.1031	-1.4771	0.13965292733095475	0.18294533480355074
Mitochondrial ribosome-associated quality control	2	0	2	1.0	-1.0464	-1.4626	0.14356558587069063	0.18780262802200184
HIV Transcription Elongation	2	0	2	1.0	-1.0936	-1.4593	0.1444921627769297	0.18820925179892686
Formation of HIV-1 elongation complex containing HIV-1 Tat	2	0	2	1.0	-1.0936	-1.4593	0.1444921627769297	0.18820925179892686
Tat-mediated elongation of the HIV-1 transcript	2	0	2	1.0	-1.0936	-1.4593	0.1444921627769297	0.18820925179892686
Budding and maturation of HIV virion	2	0	2	1.0	-1.0367	-1.4508	0.14682854547555751	0.1909812428384202
Regulation of PTEN gene transcription	2	0	2	1.0	-1.0801	-1.4477	0.14768835592572116	0.19182751045876248
RNA Polymerase III Transcription	2	0	2	1.0	-1.0899	-1.4417	0.14939871904913676	0.1935008832882181
RNA Polymerase III Abortive And Retractive Initiation	2	0	2	1.0	-1.0899	-1.4417	0.14939871904913676	0.1935008832882181
Developmental Cell Lineages	2	2	0	1.0	1.1003	1.4385	0.1502875833472183	0.19437759369449817
EGR2 and SOX10-mediated initiation of Schwann cell myelination	2	0	2	1.0	-1.0903	-1.4318	0.15221510988537826	0.19659331797872093
Infection with Enterobacteria	2	0	2	1.0	-1.0871	-1.4299	0.15275811397040756	0.19701714558489974
Apoptotic factor-mediated response	2	2	0	1.0	1.1013	1.4287	0.15309531707326318	0.19717472718564938
Signaling by Nuclear Receptors	2	2	0	1.0	1.0527	1.4277	0.15337545881745276	0.19725847929257248
Biosynthesis of DHA-derived SPMs	2	2	0	1.0	1.1119	1.4107	0.1583250241832479	0.2032692690663325
PPARA activates gene expression	2	2	0	1.0	1.0574	1.4102	0.158492848843504	0.2032692690663325
Mitochondrial translation initiation	2	0	2	1.0	-1.0531	-1.4094	0.15871406396018983	0.2032692690663325
Resolution of Abasic Sites (AP sites)	2	2	0	1.0	1.0627	1.4031	0.1605940375678535	0.2053901428866411
Notch-HLH transcription pathway	2	0	2	1.0	-1.0885	-1.3985	0.16195971210945614	0.2068482674155589
GRB2 events in ERBB2 signaling	2	0	2	1.0	-1.1048	-1.393	0.16362300277029174	0.20839965218913944
Mitochondrial translation termination	2	0	2	1.0	-1.0549	-1.393	0.16362895264578015	0.20839965218913944
TNFR1-induced NF-kappa-B signaling pathway	2	2	0	1.0	1.0517	1.3919	0.16394772936808522	0.20851604414775887
RNA Pol II CTD phosphorylation and interaction with CE during HIV infection	2	0	2	1.0	-1.0905	-1.3854	0.1659417674697904	0.21046832748243124
RNA Pol II CTD phosphorylation and interaction with CE	2	0	2	1.0	-1.0905	-1.3854	0.1659417674697904	0.21046832748243124
O-linked glycosylation of mucins	2	2	0	1.0	1.0752	1.3782	0.1681267872626936	0.2129451159114503
DNA Damage Bypass	2	2	0	1.0	1.0681	1.3769	0.1685353294468065	0.21316813393478834
G beta:gamma signalling through BTK	2	2	0	1.0	1.0938	1.3715	0.17023182545763682	0.21501733325709774
Signaling by NTRK2 (TRKB)	2	0	2	1.0	-1.0882	-1.3705	0.17052468249984942	0.21509096816005766
rRNA processing in the mitochondrion	2	0	2	1.0	-1.0944	-1.3629	0.17291750001053818	0.21780954328250485
Pre-NOTCH Expression and Processing	2	2	0	1.0	1.0619	1.3577	0.17457111444551077	0.21813182686833693
Constitutive Signaling by NOTCH1 HD+PEST Domain Mutants	2	0	2	1.0	-1.0554	-1.3576	0.17460061169177676	0.21813182686833693
Constitutive Signaling by NOTCH1 PEST Domain Mutants	2	0	2	1.0	-1.0554	-1.3576	0.17460061169177676	0.21813182686833693
Signaling by NOTCH1 in Cancer	2	0	2	1.0	-1.0554	-1.3576	0.17460061169177676	0.21813182686833693
Signaling by NOTCH1 HD+PEST Domain Mutants in Cancer	2	0	2	1.0	-1.0554	-1.3576	0.17460061169177676	0.21813182686833693
Signaling by NOTCH1 PEST Domain Mutants in Cancer	2	0	2	1.0	-1.0554	-1.3576	0.17460061169177676	0.21813182686833693
Regulation of lipid metabolism by PPARalpha	2	2	0	1.0	1.0425	1.3487	0.17742898748949465	0.22136378439165524
GABA synthesis, release, reuptake and degradation	2	0	2	1.0	-1.0817	-1.3401	0.18021979446406322	0.224540151526557
Signaling by ERBB2 TMD/JMD mutants	2	0	2	1.0	-1.0761	-1.3384	0.18077614215268611	0.2249265427618534
InlB-mediated entry of Listeria monocytogenes into host cell	2	2	0	1.0	1.0909	1.3375	0.18107115062387058	0.2249265427618534
Defective B4GALT7 causes EDS, progeroid type	2	0	2	1.0	-1.0829	-1.3369	0.18126577437405633	0.2249265427618534
FGFR1 mutant receptor activation	2	0	2	1.0	-1.0699	-1.331	0.18320231147032262	0.22702232380849438
JNK (c-Jun kinases) phosphorylation and  activation mediated by activated human TAK1	2	2	0	1.0	1.0762	1.3279	0.18421656866456326	0.22797111128934483
Signaling by high-kinase activity BRAF mutants	2	2	0	1.0	1.0658	1.3251	0.18512967561764515	0.22879233496142937
Interconversion of nucleotide di- and triphosphates	2	0	2	1.0	-1.0716	-1.3233	0.18574671524560304	0.2292459460029852
Extension of Telomeres	2	2	0	1.0	1.0457	1.3193	0.18705329016307048	0.23054820844023607
Amine ligand-binding receptors	2	0	2	1.0	-0.9609	-1.3073	0.191097039144143	0.235216087107623
Defective B3GALT6 causes EDSP2 and SEMDJL1	2	0	2	1.0	-1.0736	-1.3061	0.19150688408476002	0.23540457467255352
PKA activation in glucagon signalling	2	0	2	1.0	-1.0746	-1.2996	0.19375426593380385	0.23771649708814083
RET signaling	2	0	2	1.0	-1.058	-1.2991	0.19390615029654235	0.23771649708814083
Defective B3GAT3 causes JDSSDHD	2	0	2	1.0	-1.0697	-1.2919	0.196409085789789	0.2404634601725454
RUNX2 regulates bone development	2	0	2	1.0	-1.0517	-1.2758	0.2020172742352978	0.24699978729835742
FGFR2 mutant receptor activation	2	0	2	1.0	-1.0536	-1.2732	0.20295922133933886	0.2478210465621488
Developmental Lineage of Pancreatic Ductal Cells	2	2	0	1.0	1.0584	1.2679	0.20484414200558465	0.24978999763181
RNA Polymerase II Transcription Termination	2	0	2	1.0	-1.0234	-1.2671	0.20512924245872644	0.24980546525186206
FGFR1 ligand binding and activation	2	0	2	1.0	-0.9659	-1.2654	0.2057354881772322	0.2502114624118328
N-glycan trimming in the ER and Calnexin/Calreticulin cycle	2	2	0	1.0	1.0253	1.2635	0.20640509774205507	0.2506933438800854
Synthesis of active ubiquitin: roles of E1 and E2 enzymes	2	0	2	1.0	-0.9964	-1.2603	0.20757559320613894	0.25178150657411297
Aquaporin-mediated transport	2	0	2	1.0	-1.0416	-1.2546	0.20963026954301156	0.25393785623638254
Stimuli-sensing channels	2	2	0	1.0	1.0329	1.2515	0.210743568997398	0.2549496738398601
Nuclear Receptor transcription pathway	2	0	2	1.0	-1.0368	-1.2394	0.21519519627515127	0.2599920882533777
MAP2K and MAPK activation	2	2	0	1.0	1.0434	1.2364	0.2163150168648319	0.26100114534875113
Fertilization	2	2	0	1.0	1.0466	1.2342	0.21714208751621888	0.2616547887679011
Polo-like kinase mediated events	2	2	0	1.0	1.0524	1.2312	0.21824054500329115	0.26263330678217583
Ca2+ pathway	2	2	0	1.0	1.0343	1.2302	0.21862244010133558	0.26274807021353175
Oncogene Induced Senescence	2	2	0	1.0	1.0411	1.2171	0.22357380604716004	0.26834709443094995
PLC beta mediated events	2	2	0	1.0	1.0344	1.2149	0.22440034715572965	0.2689870827997439
Tat-mediated HIV elongation arrest and recovery	2	0	2	1.0	-1.0382	-1.2101	0.22623409567188812	0.27035401757172633
Pausing and recovery of Tat-mediated HIV elongation	2	0	2	1.0	-1.0382	-1.2101	0.22623409567188812	0.27035401757172633
Acyl chain remodelling of PS	2	2	0	1.0	1.0416	1.2096	0.22642517502190385	0.27035401757172633
Attachment and Entry_9694614	2	2	0	1.0	1.0366	1.2083	0.22693513613394534	0.2706105589529621
MECP2 regulates neuronal receptors and channels	2	0	2	1.0	-1.0397	-1.2073	0.22733413610091602	0.27068660226460756
Mitochondrial translation	2	0	2	1.0	-1.0159	-1.2066	0.22758928063905393	0.27068660226460756
G beta:gamma signalling through PLC beta	2	2	0	1.0	1.0431	1.2009	0.2297751230934596	0.2729323677159358
Metabolism of cofactors	2	2	0	1.0	1.0245	1.1958	0.2317821451137827	0.2746246255168217
Defects in vitamin and cofactor metabolism	2	0	2	1.0	-1.0412	-1.1957	0.23179875697930208	0.2746246255168217
mRNA Capping	2	0	2	1.0	-1.0345	-1.1936	0.23262452203472217	0.27494644135555446
Trafficking of GluR2-containing AMPA receptors	2	2	0	1.0	1.0409	1.1935	0.23267005288103626	0.27494644135555446
Sensory perception of taste	2	2	0	1.0	1.0335	1.192	0.23324221540091084	0.2752678397974713
HDMs demethylate histones	2	2	0	1.0	0.9846	1.1833	0.23668103692039189	0.2789672376041123
Activation of HOX genes during differentiation	2	0	2	1.0	-1.0206	-1.1792	0.2383221731237425	0.2801785990729128
Activation of anterior HOX genes in hindbrain development during early embryogenesis	2	0	2	1.0	-1.0206	-1.1792	0.2383221731237425	0.2801785990729128
Activation of G protein gated Potassium channels	2	2	0	1.0	1.0189	1.1765	0.23940682463499896	0.2801785990729128
Inhibition  of voltage gated Ca2+ channels via Gbeta/gamma subunits	2	2	0	1.0	1.0189	1.1765	0.23940682463499896	0.2801785990729128
G protein gated Potassium channels	2	2	0	1.0	1.0189	1.1765	0.23940682463499896	0.2801785990729128
APC/C:Cdc20 mediated degradation of Cyclin B	2	2	0	1.0	1.0181	1.1758	0.23969346010396253	0.2801785990729128
Signaling by NTRK3 (TRKC)	2	0	2	1.0	-1.0336	-1.1754	0.23984754664366037	0.2801785990729128
Mitochondrial tRNA aminoacylation	2	2	0	1.0	1.0355	1.1727	0.24093073082493766	0.2810858526290939
G-protein activation	2	2	0	1.0	1.0097	1.1673	0.24307778269081692	0.28323040244914754
Signaling by Retinoic Acid	2	2	0	1.0	1.0252	1.1626	0.24497680026238466	0.2850808703560999
Presynaptic function of Kainate receptors	2	2	0	1.0	1.0322	1.158	0.24687415535458268	0.28692471541210685
Apoptotic cleavage of cellular proteins	2	2	0	1.0	1.0255	1.1539	0.24852328774971855	0.28847576565378724
Thromboxane signalling through TP receptor	2	2	0	1.0	1.0194	1.1382	0.25502833460744856	0.2956523171112899
Sulfur amino acid metabolism	2	0	2	1.0	-1.0157	-1.1364	0.2557692604492299	0.29613688362619167
Transcriptional regulation of white adipocyte differentiation	2	2	0	1.0	1.0168	1.1356	0.25613594472954127	0.29618746698233206
Synthesis of bile acids and bile salts via 7alpha-hydroxycholesterol	2	2	0	1.0	1.0219	1.1335	0.2570225608134906	0.2968383983198626
Respiratory electron transport	2	0	2	1.0	-0.9435	-1.1325	0.25742829918484456	0.2969330193113238
Fibronectin matrix formation	2	0	2	1.0	-1.014	-1.1289	0.258935458806149	0.2982962509111038
Glutathione conjugation	2	2	0	1.0	1.0136	1.1245	0.2607943528315373	0.29954379509770235
Epigenetic regulation of gene expression by MLL3 and MLL4 complexes	2	2	0	1.0	1.0116	1.1233	0.26132501208087444	0.29954379509770235
Epigenetic regulation of adipogenesis genes by MLL3 and MLL4 complexes	2	2	0	1.0	1.0116	1.1233	0.26132501208087444	0.29954379509770235
MLL4 and MLL3 complexes regulate expression of PPARG target genes in adipogenesis and hepatic steatosis	2	2	0	1.0	1.0116	1.1233	0.26132501208087444	0.29954379509770235
Cytochrome P450 - arranged by substrate type	2	2	0	1.0	1.0105	1.1179	0.2636092207589601	0.3017848382471491
Signaling by MET	2	2	0	1.0	1.0051	1.1158	0.26449334443032724	0.3024194474346759
Listeria monocytogenes entry into host cells	2	2	0	1.0	1.0172	1.1142	0.2651783375487109	0.3028250753825254
Formation of HIV elongation complex in the absence of HIV Tat	2	0	2	1.0	-1.0014	-1.0963	0.2729361059634542	0.31129652881652675
Synthesis, secretion, and inactivation of Glucagon-like Peptide-1 (GLP-1)	2	2	0	1.0	0.9653	1.0943	0.27382047498991946	0.3119172367276474
SLC transporter disorders	2	2	0	1.0	1.0048	1.0915	0.2750518256166312	0.3129311713281028
SMAD2/SMAD3:SMAD4 heterotrimer regulates transcription	2	2	0	1.0	1.0012	1.0661	0.28639268687764474	0.3254301039241639
Glucagon signaling in metabolic regulation	2	0	2	1.0	-0.9981	-1.0614	0.2885306331659825	0.32693589897713177
E2F mediated regulation of DNA replication	2	2	0	1.0	0.9835	1.061	0.288671853891476	0.32693589897713177
BMAL1:CLOCK,NPAS2 activates circadian expression	2	0	2	1.0	-0.9996	-1.0608	0.2887874353015013	0.32693589897713177
Transport of vitamins, nucleosides, and related molecules	2	2	0	1.0	0.9898	1.0556	0.29116735997284615	0.3292237596733661
Metabolism of nitric oxide: NOS3 activation and regulation	2	0	2	1.0	-0.9968	-1.0517	0.29294712729033323	0.33082822133649703
Signaling by EGFR	2	2	0	1.0	0.9931	1.0432	0.2968536927556982	0.3348275968720482
Formation of the Early Elongation Complex	2	0	2	1.0	-0.9853	-1.0352	0.30058685931238827	0.33820631900547243
Formation of the HIV-1 Early Elongation Complex	2	0	2	1.0	-0.9853	-1.0352	0.30058685931238827	0.33820631900547243
Incretin synthesis, secretion, and inactivation	2	2	0	1.0	0.9233	1.0327	0.3017338170334526	0.33908077232803435
Acyl chain remodelling of PE	2	2	0	1.0	0.984	1.0136	0.31075756672809496	0.34879398860423877
Collagen biosynthesis and modifying enzymes	2	0	2	1.0	-0.9819	-0.9961	0.3192113484282906	0.357844506734404
Sensory perception of sweet, bitter, and umami (glutamate) taste	2	2	0	1.0	0.9809	0.9867	0.32379207972028123	0.3625364311398021
Heparan sulfate/heparin (HS-GAG) metabolism	2	2	0	1.0	0.9755	0.9842	0.32503924687142005	0.36348901144035634
ADP signalling through P2Y purinoceptor 1	2	2	0	1.0	0.9722	0.9778	0.32817891717128655	0.3665010803173528
SHC-mediated cascade:FGFR2	2	0	2	1.0	-0.9762	-0.9771	0.3285320480053042	0.3665010803173528
NGF-stimulated transcription	2	0	2	1.0	-0.9595	-0.9563	0.33893869862015646	0.37765101656705163
Inhibition of the proteolytic activity of APC/C required for the onset of anaphase by mitotic spindle checkpoint components	2	2	0	1.0	0.9559	0.9529	0.3406479791923105	0.37863539020527115
Inactivation of APC/C via direct inhibition of the APC/C complex	2	2	0	1.0	0.9559	0.9529	0.3406479791923105	0.37863539020527115
FOXO-mediated transcription of cell death genes	2	0	2	1.0	-0.9588	-0.9435	0.34544318566185583	0.3835004857771451
Signaling by PDGF	2	2	0	1.0	0.9704	0.9335	0.3505536013520041	0.3887033282222343
Platelet sensitization by LDL	2	0	2	1.0	-0.9537	-0.9216	0.3567423305582924	0.39508782261105574
Mitochondrial protein import	2	0	2	1.0	-0.9363	-0.9192	0.3580114504868339	0.39601507852403706
RNA Polymerase III Transcription Initiation From Type 3 Promoter	2	0	2	1.0	-0.9534	-0.9172	0.35904067834608344	0.3966750627028416
SUMOylation of DNA methylation proteins	2	0	2	1.0	-0.9228	-0.9161	0.3596147183915469	0.3968311633755096
Diseases associated with glycosylation precursor biosynthesis	2	2	0	1.0	0.9396	0.9034	0.36631721059493316	0.4037414448504251
Aberrant regulation of mitotic cell cycle due to RB1 defects	2	2	0	1.0	0.9298	0.9022	0.3669390333012339	0.4039412887601818
Transcriptional regulation of pluripotent stem cells	2	0	2	1.0	-0.9389	-0.8822	0.37766927284831253	0.4152550637912501
Bile acid and bile salt metabolism	2	2	0	1.0	0.9536	0.8798	0.37896660038297325	0.4161824820972293
Developmental Cell Lineages of the Exocrine Pancreas	2	2	0	1.0	0.9295	0.8592	0.39023808081688927	0.4280482297955592
RNA Polymerase III Transcription Initiation From Type 1 Promoter	2	2	0	1.0	0.9272	0.8542	0.39299655237931175	0.43055894687195806
B-WICH complex positively regulates rRNA expression	2	0	2	1.0	-0.9392	-0.844	0.3986717571447227	0.436255371481755
KSRP (KHSRP) binds and destabilizes mRNA	2	0	2	1.0	-0.8846	-0.8423	0.39964193620909094	0.4367957753322245
Late endosomal microautophagy	2	0	2	1.0	-0.9394	-0.8388	0.40157518098489176	0.43838623924184017
Synthesis of bile acids and bile salts	2	2	0	1.0	0.9372	0.8376	0.4022648119801072	0.4386169234075604
HIV elongation arrest and recovery	2	0	2	1.0	-0.9345	-0.8321	0.40535129020075245	0.440493455045109
Pausing and recovery of HIV elongation	2	0	2	1.0	-0.9345	-0.8321	0.40535129020075245	0.440493455045109
Telomere Maintenance	2	2	0	1.0	0.9382	0.832	0.4054269095507873	0.440493455045109
Syndecan interactions	2	2	0	1.0	0.9241	0.8149	0.4151276473447064	0.4504994705504092
APC-Cdc20 mediated degradation of Nek2A	2	2	0	1.0	0.8922	0.8005	0.42343385351465035	0.45897026438881133
Nuclear RNA decay	2	0	2	1.0	-0.9256	-0.7949	0.42664528644145683	0.46190522746967644
RNA polymerase II transcribes snRNA genes	2	0	2	1.0	-0.929	-0.7745	0.43865395478871116	0.4743463166760002
PIWI-interacting RNA (piRNA) biogenesis	2	0	2	1.0	-0.9177	-0.7585	0.4481450620618108	0.4840388950655837
Signal amplification	2	2	0	1.0	0.9155	0.7575	0.44875203544653974	0.4841242547111494
SHC-mediated cascade:FGFR1	2	0	2	1.0	-0.8942	-0.7505	0.45297028412373375	0.48810076444355327
mRNA decay by 5' to 3' exoribonuclease	2	2	0	1.0	0.8721	0.7401	0.4592557118699988	0.4942928260384846
RNA Polymerase I Transcription Termination	2	0	2	1.0	-0.8883	-0.7219	0.4703364706065096	0.5056254906754624
Diseases of mitotic cell cycle	2	2	0	1.0	0.8779	0.7148	0.47472546738332344	0.509239236567906
SHC-mediated cascade:FGFR4	2	0	2	1.0	-0.8917	-0.7147	0.47480866659275867	0.509239236567906
Formation of the cornified envelope	2	2	0	1.0	0.8111	0.701	0.48328882965752307	0.5177288046681643
Translation	2	0	2	1.0	-0.9389	-0.688	0.49143054296085764	0.5252564423912296
Digestion and absorption	2	2	0	1.0	0.8857	0.688	0.49146131687205563	0.5252564423912296
NOTCH4 Intracellular Domain Regulates Transcription	2	0	2	1.0	-0.8698	-0.6813	0.4956829543504614	0.5291516520830886
Biological oxidations	2	2	0	1.0	0.9336	0.6798	0.49663207843641577	0.5295483906118525
Processing of Capped Intronless Pre-mRNA	2	0	2	1.0	-0.797	-0.676	0.4990509614383306	0.5315095605562709
Regulation of PD-L1(CD274) transcription	2	2	0	1.0	0.8973	0.6641	0.5066106203914132	0.5389349639198677
Metabolism of amine-derived hormones	2	0	2	1.0	-0.8611	-0.6611	0.5085645299265747	0.5393817196516373
Signaling by Ligand-Responsive EGFR Variants in Cancer	2	0	2	1.0	-0.8728	-0.6607	0.5087951881119588	0.5393817196516373
Constitutive Signaling by Ligand-Responsive EGFR Cancer Variants	2	0	2	1.0	-0.8728	-0.6607	0.5087951881119588	0.5393817196516373
HS-GAG degradation	2	2	0	1.0	0.8688	0.6498	0.5158103949203242	0.546187219563438
Nuclear Events (kinase and transcription factor activation)	2	0	2	1.0	-0.9033	-0.6457	0.518462751304656	0.5483625639519834
NOTCH3 Intracellular Domain Regulates Transcription	2	2	0	1.0	0.8705	0.6417	0.5210472197611493	0.5504611757154078
SLC-mediated transport of organic anions	2	2	0	1.0	0.8797	0.6403	0.5219487132033742	0.5507790218728357
Acyl chain remodelling of PG	2	2	0	1.0	0.8607	0.6363	0.5245805148519753	0.5529199219761626
Regulation of PTEN mRNA translation	2	0	2	1.0	-0.8632	-0.6308	0.5281655898701632	0.5559226157282592
Keratinization	2	2	0	1.0	0.8685	0.6301	0.5286417894384319	0.5559226157282592
SHC-mediated cascade:FGFR3	2	0	2	1.0	-0.8599	-0.6222	0.5337960660810257	0.5606998769717074
Processing of Intronless Pre-mRNAs	2	0	2	1.0	-0.7605	-0.6202	0.5351099595108311	0.5614368797155974
Transcriptional activation of mitochondrial biogenesis	2	0	2	1.0	-0.8862	-0.6116	0.5408327696900117	0.5667927426351322
FGFR2 alternative splicing	2	0	2	1.0	-0.854	-0.6047	0.5453850535240692	0.5709110663031637
Phase I - Functionalization of compounds	2	0	2	1.0	-0.9043	-0.6034	0.5462608805240619	0.5711758579709975
Zinc transporters	2	2	0	1.0	0.8433	0.5937	0.5526870620898583	0.5772369429799545
Regulation of TP53 Activity through Methylation	2	2	0	1.0	0.8457	0.5832	0.5597845569567881	0.5839845719333046
G beta:gamma signalling through CDC42	2	2	0	1.0	0.845	0.5802	0.5618081037954901	0.5854295808868913
RNA Polymerase I Promoter Escape	2	0	2	1.0	-0.8564	-0.5645	0.5724102966201428	0.5958005017033722
Transcriptional Regulation by NPAS4	2	0	2	1.0	-0.8217	-0.5542	0.5794566544592008	0.6024509661440897
Complex IV assembly	2	0	2	1.0	-0.856	-0.5483	0.5835055497302419	0.6059734870924484
Conversion from APC/C:Cdc20 to APC/C:Cdh1 in late anaphase	2	2	0	1.0	0.8015	0.4916	0.622968915889887	0.6462245428405277
Epigenetic regulation by WDR5-containing histone modifying complexes	2	0	2	1.0	-0.8818	-0.475	0.6348055749823529	0.6577589969026189
Abortive elongation of HIV-1 transcript in the absence of Tat	2	0	2	1.0	-0.7937	-0.4684	0.639468688725831	0.6618428753516783
RORA,B,C and NR1D1 (REV-ERBA) regulate gene expression	2	0	2	1.0	-0.8161	-0.4548	0.6492843236669965	0.6712443346140201
RNA Polymerase III Transcription Initiation From Type 2 Promoter	2	2	0	1.0	0.7502	0.4478	0.6543087010919384	0.6756768906546257
Termination of O-glycan biosynthesis	2	2	0	1.0	0.7985	0.4417	0.6586993293853807	0.6794457649565738
Aspirin ADME	2	2	0	1.0	0.8009	0.4334	0.66475289614195	0.6849195570361439
Processive synthesis on the C-strand of the telomere	2	2	0	1.0	0.7792	0.4189	0.6752626192663065	0.6949672523762099
rRNA modification in the nucleus and cytosol	2	0	2	1.0	-0.8398	-0.4092	0.6823671295267948	0.7014917688072544
Metalloprotease DUBs	2	2	0	1.0	0.7781	0.4031	0.6868410448675222	0.7053003786601544
Transcriptional regulation by the AP-2 (TFAP2) family of transcription factors	2	0	2	1.0	-0.8153	-0.3864	0.6991994455480162	0.7171877981739718
Vitamin B5 (pantothenate) metabolism	2	2	0	1.0	0.7272	0.3822	0.7022883857275776	0.7189733853528789
Retinoid metabolism and transport	2	2	0	1.0	0.7873	0.3805	0.7035717389241046	0.7189733853528789
Defective C1GALT1C1 causes TNPS	2	2	0	1.0	0.6579	0.3803	0.7037415623909924	0.7189733853528789
Gap-filling DNA repair synthesis and ligation in GG-NER	2	2	0	1.0	0.7678	0.3798	0.7040764449802457	0.7189733853528789
Glucuronidation	2	0	2	1.0	-0.7695	-0.3653	0.7149080210215162	0.7292220859585432
NPAS4 regulates expression of target genes	2	0	2	1.0	-0.7541	-0.3624	0.7170826572785723	0.7306275519160564
Regulation of gene expression in beta cells	2	0	2	1.0	-0.7043	-0.3451	0.7300426642141333	0.7430067958760935
Chaperone Mediated Autophagy	2	2	0	1.0	0.7653	0.3324	0.7395684274565593	0.7518672372257925
MicroRNA (miRNA) biogenesis	2	0	2	1.0	-0.7589	-0.3304	0.7411191600194581	0.7526093795546435
Triglyceride metabolism	2	2	0	1.0	0.772	0.3252	0.7450000083999178	0.7557135040959342
Digestion	2	2	0	1.0	0.7428	0.3014	0.7631114051533452	0.7732300094205719
RUNX1 regulates genes involved in megakaryocyte differentiation and platelet function	2	2	0	1.0	0.6714	0.299	0.7649765737448082	0.7742643687902749
mRNA Splicing - Minor Pathway	2	0	2	1.0	-0.7365	-0.281	0.7787425595859099	0.7873284753476067
Recycling of bile acids and salts	2	2	0	1.0	0.725	0.2756	0.7828276855321932	0.7905869907852656
tRNA modification in the nucleus and cytosol	2	0	2	1.0	-0.7613	-0.2627	0.792748299970047	0.7997251826980563
Recognition of DNA damage by PCNA-containing replication complex	2	2	0	1.0	0.7482	0.2598	0.7949921621033693	0.8011074864272414
Telomere Extension By Telomerase	2	2	0	1.0	0.7014	0.2495	0.8029834746194208	0.8082720595236101
Metabolism of fat-soluble vitamins	2	0	2	1.0	-0.7596	-0.219	0.8266394616494197	0.831171476241796
Visual phototransduction	2	2	0	1.0	0.7908	0.1857	0.8526735544822109	0.8564092546113772
Translesion synthesis by REV1	2	2	0	1.0	0.6661	0.1815	0.855973859569564	0.8587834017782168
Xenobiotics	2	2	0	1.0	0.5305	0.0203	0.9838379631607511	0.9859884286539986
Regulation of beta-cell development	2	2	0	1.0	0.4622	0.0029	0.9976928358305879	0.9987820201491803
Olfactory Signaling Pathway	2	2	0	1.0	0.6414	0.0013	0.9989900275379152	0.9989900275379152
